연번,업체명,산업분류코드,소재지,전화번호,팩스번호,고용인원수,데이터기준일자
1,(주) 본데어리,"10421, ",충청북도 옥천군 옥천읍 의료단지길 56,042-335-9294,,15,2025-09-03
2,(주) 엘림산업,"16102, 16101, 16211, 25112, 25119",충청북도 옥천군 옥천읍 지용로 192,043-762-7620,043-762-7621,6,2025-09-03
3,(주) 엘텍코리아,"29229, ",충청북도 옥천군 옥천읍 테크노밸리로 117,043-385-2534,,7,2025-09-03
4,(주) 한빛,"22241, 22249, 30310",충청북도 옥천군 옥천읍 옥천농공길 100-1,043-733-2940,,46,2025-09-03
5,(주)가구지음,"32021, 32029, 32091",충청북도 옥천군 이원면 강청길 66-12,043-733-8203,0504-221-8948,5,2025-09-03
6,(주)가람에스티,"25912, 25113, 25114",충청북도 옥천군 청산면 인정1길 89,043-733-7559,043-731-7100,11,2025-09-03
7,(주)강토이앤씨,"25119, ",충청북도 옥천군 군서면 월전2길 35,043-731-2010,,4,2025-09-03
8,(주)거우,"22223, 25111",충청북도 옥천군 옥천읍 옥천동이로 387-81 (공장),043-732-3196,043-732-3197,12,2025-09-03
9,(주)건영제과,"10603, 10421, 10520, 11209",충청북도 옥천군 옥천읍 지용로 134-14 외 2필지,043-733-7100,043-731-8623,19,2025-09-03
10,(주)계룡식품,"10820, 10513, 10832",충청북도 옥천군 옥천읍 옥지로 563 외 3필지,043-731-6678,043-732-6678,14,2025-09-03
11,(주)고려에프앤비,"10892, 11209",충청북도 옥천군 이원면 묘목로 152 (공장) 외 2필지,043-733-8233,043-733-8234,10,2025-09-03
12,(주)고추명가참식품,"10832, ",충청북도 옥천군 옥천읍 대천길 47-29 (공장),043-731-1591,043-731-1592,2,2025-09-03
13,(주)교동식품,"10129, 10709, 10899",충청북도 옥천군 옥천읍 지용로 181 (공장) 외 4필지,043-731-9301,043-731-6784,38,2025-09-03
14,(주)교동식품 4공장,"10129, 10893",충청북도 옥천군 군북면 자모길 16 (공장),043-731-9302,043-731-9306,56,2025-09-03
15,(주)교동식품 제2공장,"10820, 10513, 10893",충청북도 옥천군 옥천읍 옥천동이로 269 (공장) 외 1필지,043-731-9301,043-731-6784,28,2025-09-03
16,(주)교동식품 제3공장,"10302, 10309",충청북도 옥천군 옥천읍 지용로 194,043-731-9302,043-731-9306,15,2025-09-03
17,(주)국보산업,"25932, 29161",충청북도 옥천군 옥천읍 마암리 156번지,043-731-0858,043-731-0859,5,2025-09-03
18,(주)글로벌푸드,"10129, 10122",충청북도 옥천군 이원면 강청2길 3 (공장),043-731-0559,043-732-8550,10,2025-09-03
19,(주)금정옥천지점,"20424, 35114",충청북도 옥천군 동이면 동이농공길 86-11 (공장),043-733-9733,043-733-9737,15,2025-09-03
20,(주)금천,"27199, ",충청북도 옥천군 옥천읍 가풍리 1115 번지 203호,043-732-8627,043-733-8728,7,2025-09-03
21,(주)금천게르마늄,"11202, ",충청북도 옥천군 청성면 청성로 76 (공장),070-4837-3111,043-731-7737,3,2025-09-03
22,(주)꼬칠리아,"10601, ",충청북도 옥천군 군북면 자모길 21-9,043-733-5846,,10,2025-09-03
23,(주)나마트,"25119, 25111, 25112, 25932, 25993, 32091",충청북도 옥천군 동이면 동이농공길 112 (공장),033-675-0070,043-731-0063,3,2025-09-03
24,(주)남부통합공장,"10511, ",충청북도 옥천군 청산면 인정1길 124,043-733-9385,,15,2025-09-03
25,(주)남부포장,"17211, 17212, 17222",충청북도 옥천군 옥천읍 옥천동이로 234-15 (창고),043-732-5183,043-733-6768,4,2025-09-03
26,(주)내츄럴팜,"10897, ",충청북도 옥천군 군북면 비야대정로 293-20 (공장) 외 1필지,043-732-8272,043-732-8273,2,2025-09-03
27,(주)네오정보기술,"27309, 26421, 28903","충청북도 옥천군 옥천읍 의료단지길 35, 2동(부)",043-745-8204,,5,2025-09-03
28,(주)넥스켐,"20499, 20129, 20321, 20322, 20421, 20495, 21301, 46739",충청북도 옥천군 이원면 미동1길 207-30 외 1필지,031-8084-8098,031-8098-8099,6,2025-09-03
29,(주)노아닉스,"27199, 21301, 21309","충청북도 옥천군 옥천읍 의료단지길 60, GMP101호",043-905-0972,,2,2025-09-03
30,(주)농원산업,"20312, ",충청북도 옥천군 동이면 지양2길 78-19 (공장),043-733-4344,043-733-4346,20,2025-09-03
31,(주)뉴스타트,"11209, ",충청북도 옥천군 옥천읍 청풍로 267-10,,,3,2025-09-03
32,(주)다원,"10309, 10897, 11209",충청북도 옥천군 청산면 인정1길 65,043-731-2468,043-731-1357,50,2025-09-03
33,(주)다진,"20499, 20495, 21301",충청북도 옥천군 동이면 평산길 78 외 3필지,043-733-8032,043-733-8033,7,2025-09-03
34,(주)대광,"24119, ",충청북도 옥천군 군서면 성왕로 564,043-7332-470,,10,2025-09-03
35,(주)대림상공,"29175, 21301, 21309, 27199, 27212, 27213, 29120, 29131, 29174, 29192",충청북도 옥천군 옥천읍 동안리 130-20,042-282-5295,,3,2025-09-03
36,(주)대성기공,"25122, 25123, 25130, 25932, 25934, 25991, 25999",충청북도 옥천군 동이면 동이농공길 97 (공장),043-733-0416,043-733-3113,35,2025-09-03
37,(주)대성비제이,"29210, ",충청북도 옥천군 옥천읍 삼청2길 48-7,043-733-2922,043-733-2921,7,2025-09-03
38,(주)대송,"29210, ","충청북도 옥천군 옥천읍 서부로 10-6, 외 1필지",043-731-8127,043-731-8129,16,2025-09-03
39,(주)대송 제2공장,"29210, ",충청북도 옥천군 옥천읍 양수리 63-2번지 외 5필지,043-731-8127,043-731-8129,34,2025-09-03
40,(주)대영레미콘,"23322, ",충청북도 옥천군 군서면 성왕로 350 외 1필지,043-733-9521,043-733-9524,42,2025-09-03
41,(주)대호,"38321, 38322",충청북도 옥천군 청산면 의지길 72 (공장) 외 1필지,043-733-5259,043-733-5255,27,2025-09-03
42,(주)대호알씨,"23325, 23326",충청북도 옥천군 청산면 의지길 72 (공장),043-731-5259,,1,2025-09-03
43,(주)더블유디피,"10602, ",충청북도 옥천군 군서면 사정4길 48,,,4,2025-09-03
44,(주)더아이엔지메디칼,"27199, ",충청북도 옥천군 옥천읍 의료단지길 60,070-5104-7293,042-367-0082,2,2025-09-03
45,(주)덕산테크,"29210, ",충청북도 옥천군 옥천읍 마암로 96 (공장),043-732-1374,043-731-1374,12,2025-09-03
46,(주)도원우드,"32029, ",충청북도 옥천군 동이면 평산길 179,042-636-1122,042-636-0700,13,2025-09-03
47,(주)동명양행,"49302, ",충청북도 옥천군 옥천읍 옥천동이로 387-61,042-933-5815,042-933-6121,4,2025-09-03
48,(주)동산,"25999, 22299",충청북도 옥천군 옥천읍 옥천농공길 53-26,043-731-8192,,1,2025-09-03
49,(주)동아창호산업,"22229, ",충청북도 옥천군 옥천읍 옥천동이로 389-9,043-733-4247,043-733-4248,2,2025-09-03
50,(주)동양모터스,"25119, 29177, 29199, 29229, 29261, 29299",충청북도 옥천군 동이면 평산길 189,042-632-1000,042-632-1000,4,2025-09-03
51,(주)동우,"22241, 22232, 22249, 22251, 22259",충청북도 옥천군 동이면 옥천로 2265 (공장) (총 4 필지) 외 3필지,043-731-0350,043-731-0352,5,2025-09-03
52,(주)동원,"23322, ",충청북도 옥천군 군북면 옥천로 1096,043-732-5390,043-733-2396,5,2025-09-03
53,(주)동원레미콘,"23322, ",충청북도 옥천군 군북면 옥천로 1106 (공장),043-733-5173,043-733-2396,20,2025-09-03
54,(주)동화미생물연구소,"10901, 10902, 10903, 20424",충청북도 옥천군 옥천읍 옥천동이로 387-61 (미생물연구소),043-731-8166,043-731-8167,7,2025-09-03
55,(주)동화테크,"25112, 25119",충청북도 옥천군 군북면 감로길 26-2,070-8691-1900,,4,2025-09-03
56,(주)두원디앤티,"31322, ",충청북도 옥천군 옥천읍 테크노밸리로4길 14,,,19,2025-09-03
57,(주)드림렌즈기술연구소,"27195, 27301","충청북도 옥천군 옥천읍 의료단지길 60, 1층 105",043-733-8747,043-730-8749,10,2025-09-03
58,(주)디앤씨티,"13101, 13109",충청북도 옥천군 옥천읍 마암로2길 35 (창고) (총 2 필지),043-732-7891,043-731-8753,10,2025-09-03
59,(주)디에스메탈,"25112, 22299, 24133, 24290, 33302",충청북도 옥천군 옥천읍 원각2길 27-18,043-277-9678,043-277-9679,21,2025-09-03
60,(주)디에스테크,"27199, 20423",충청북도 옥천군 옥천읍 가풍리 1115 번지 옥천전략클러스터 1층 101호,,,14,2025-09-03
61,(주)디에스테크(제2공장),"27199, 20423","충청북도 옥천군 옥천읍 의료단지길 79, 206호, 207호",043-731-3214,,17,2025-09-03
62,(주)디에스퍼니처,"32029, 32011, 32021, 32091",충청북도 옥천군 동이면 옥천로 2072 (동이면),043-731-5052,043-731-2502,12,2025-09-03
63,(주)디에이치,"30393, 30399, 31202, 31322",충청북도 옥천군 옥천읍 가풍리 1129번지,043-731-0889,043-731-0898,83,2025-09-03
64,(주)디자인친구,"25119, ",충청북도 옥천군 동이면 동이농공길 112,042-524-4405,,3,2025-09-03
65,(주)디지피,"28422, ",충청북도 옥천군 청산면 인정1길 56 외 1필지,061-351-3688,,10,2025-09-03
66,(주)라꾸스토리,"13229, ",충청북도 옥천군 군서면 동평3길 45-66 주택,,02-6243-2206,5,2025-09-03
67,(주)라스켐,"27301, ",충청북도 옥천군 동이면 동이농공길 101-23,043-731-4472,043-731-4473,5,2025-09-03
68,(주)라이프키친,"10701, ",충청북도 옥천군 옥천읍 서부로 337,043-731-8109,043-731-8110,12,2025-09-03
69,(주)맥우글로벌,"10129, 10122",충청북도 옥천군 군서면 월전리 35번지,043-731-0167,043-731-0168,45,2025-09-03
70,(주)메디퓨처,"27199, 11209",충청북도 옥천군 옥천읍 의료단지길 79,070-5038-6433,070-5038-6438,5,2025-09-03
71,(주)명가식품,"10301, 10302",충청북도 옥천군 군서면 월전1길 3-18 (명가식품김치공장) 외 3필지,043-731-6633,043-731-6613,39,2025-09-03
72,(주)명석,"29169, ",충청북도 옥천군 옥천읍 양수리 59번지 외 1필지 외 1필지,,,5,2025-09-03
73,(주)미래리서스,"38311, 38312","충청북도 옥천군 청산면 만월로 175, 외1필지",043-733-7228,043-732-7540,7,2025-09-03
74,(주)바우만,"29199, 29172, 29173, 29177, 29261, 29299",충청북도 옥천군 이원면 미동1길 207-31,043-732-3525,043-732-3526,9,2025-09-03
75,(주)바임(VAIM Co.Ltd),"21301, 21309","충청북도 옥천군 옥천읍 의료단지길 79, 103호, 204호, 212호, GMP102호, GMP103호",043-731-6456,043-731-6455,3,2025-09-03
76,(주)백산,"23324, 23325, 23326",충청북도 옥천군 옥천읍 옥천동이로 261 (창고) 외 1필지,043-733-3447,043-731-3446,12,2025-09-03
77,(주)범양정밀,"26299, 26294",충청북도 옥천군 동이면 적하길 251 (자동차정비소),043-733-3991,043-733-6190,41,2025-09-03
78,(주)보우시스템,"29163, ",충청북도 옥천군 동이면 동이농공길 86-9,,043-732-5831,30,2025-09-03
79,(주)부양소재,"23121, ",충청북도 옥천군 이원면 건진2길 31,043-716-0101,043-716-0103,17,2025-09-03
80,(주)블루마운트테크놀러지,"20421, 20422, 20495, 20499, 21301",충청북도 옥천군 동이면 동이농공길 73-25 (공장),043-733-0055,043-733-0084,42,2025-09-03
81,(주)비디테크,"27199, ","충청북도 옥천군 옥천읍 의료단지길 79, 104호(의료기기보육센터)",043-733-1093,043-733-1094,1,2025-09-03
82,(주)비앤씨생활건강,"11209, 20423",충청북도 옥천군 옥천읍 이평1길 52,043-731-3175,,7,2025-09-03
83,(주)비에스실텍,"29141, ",충청북도 옥천군 옥천읍 옥천농공길 53-15 (택배),043-733-1271,043-733-1270,47,2025-09-03
84,(주)비에스이엔씨,"25912, 24191, 25113, 25114",충청북도 옥천군 청산면 인정1길 117 외 1필지,053-963-0027,053-963-0028,21,2025-09-03
85,(주)산수코리아,"23324, 23326",충청북도 옥천군 청성면 신매인정로 30 (공장),043-732-0901,043-733-0901,8,2025-09-03
86,(주)삼동,"25119, 25995, 25999",충청북도 옥천군 옥천읍 옥천농공길 39 (삼동) 외 1필지,043-731-7011,043-731-7014,17,2025-09-03
87,(주)삼승엔지니어링,"27199, 29199",충청북도 옥천군 옥천읍 가풍리 1123번지,043-733-2970,043-731-2971,33,2025-09-03
88,(주)삼원팜텍,"21230, 10901, 10903",충청북도 옥천군 옥천읍 테크노밸리로4길 10,043-733-7277,043-733-7286,9,2025-09-03
89,(주)상현선재,"25944, 25932, 35114, 35115, 35119",충청북도 옥천군 옥천읍 옥천농공길 76 (공장) 외 1필지,043-733-6734,043-733-6735,25,2025-09-03
90,(주)새한글라스,"23112, 23119",충청북도 옥천군 옥천읍 마암로1길 32-2 외 1필지,043-731-6201,043-731-6203,10,2025-09-03
91,(주)새한음반,"59201, ",충청북도 옥천군 동이면 동이농공길 101-29 (공장),043-730-7700,043-730-7790,19,2025-09-03
92,(주)성신메탈엔지니어링,"24312, ",충청북도 옥천군 동이면 동이농공길 76,043-731-3719,043-732-3719,6,2025-09-03
93,(주)성일산업,"22223, ",충청북도 옥천군 옥천읍 마암로 125-23,043-731-7101,043-731-7990,3,2025-09-03
94,(주)성일식품,"10513, 10601",충청북도 옥천군 옥천읍 옥천로 1700 (공장) 외 1필지,043-733-9198,043-733-2327,5,2025-09-03
95,(주)세운,"29132, 31202",충청북도 옥천군 옥천읍 서부로 10-19,043-731-1136,,4,2025-09-03
96,(주)세울,"25119, ",충청북도 옥천군 옥천읍 양수리 64 번지 외 2필지,043-731-8120,043-731-8129,8,2025-09-03
97,(주)세울 제2공장,"25119, ",충청북도 옥천군 옥천읍 서부로 10-5,043-733-8123,,10,2025-09-03
98,(주)세종이엔티,"23325, 23326",충청북도 옥천군 군서면 월전1길 7,041-942-6264,070-4850-8556,3,2025-09-03
99,(주)세진기공,"29223, ",충청북도 옥천군 이원면 묘목로 220 (공장),043-733-8047,070-8543-4048,5,2025-09-03
100,(주)송암,"25112, 16102, 16212, 16229, 22299, 25999","충청북도 옥천군 옥천읍 옥천농공길 53-26, 53-26 (성공시대)",043-733-6845,043-733-8859,5,2025-09-03
101,(주)송인산업,"32091, 32029, 32099",충청북도 옥천군 옥천읍 옥천동이로 389-8,043-731-9505,043-731-9510,2,2025-09-03
102,(주)수월계량시스템,"29199, ",충청북도 옥천군 동이면 평산길 153,043-733-2485,043-733-2486,3,2025-09-03
103,(주)스마트도어,"25111, ",충청북도 옥천군 동이면 동이농공길 78,043-731-3525,043-731-2525,37,2025-09-03
104,(주)스마트도어 제2공장,"25111, ",충청북도 옥천군 동이면 동이농공길 73-6,043-731-3525,043-731-2525,4,2025-09-03
105,(주)승진,"29161, 30123, 30124, 30201, 30202, 30203",충청북도 옥천군 옥천읍 가풍리 1114 번지,043-731-8586,043-731-8587,8,2025-09-03
106,(주)승진금속,"28121, 25113, 25114, 28122",충청북도 옥천군 군서면 성왕로 830-1,043-731-0305,043-732-1917,6,2025-09-03
107,(주)신성엠텍,"10839, 10901, 10902, 10903",충청북도 옥천군 청산면 인정리 1368번지,043-733-8877,043-733-8811,4,2025-09-03
108,(주)신우테크,"29210, ",충청북도 옥천군 옥천읍 마암로 96 (공장),043-732-1374,043-731-1374,15,2025-09-03
109,(주)신창테크,"25113, 25111",충청북도 옥천군 옥천읍 서대구일로4길 60-32 (주택),043-296-0488,043-296-0487,3,2025-09-03
110,(주)씨맥,"27213, 28111, 29175, 29176, 29199",충청북도 옥천군 옥천읍 구일리 997,042-223-2531,042-223-2530,25,2025-09-03
111,(주)씨엔오테크,"27199, ","충청북도 옥천군 옥천읍 의료단지길 60, 클러스터센터 102호",043-731-7308,043-731-7309,4,2025-09-03
112,(주)씨엠푸드,"10820, 10513, 10893",충청북도 옥천군 옥천읍 삼청2길 212 (공장),043-733-9116,043-733-9217,13,2025-09-03
113,(주)씨지텍,"30121, 30122",충청북도 옥천군 옥천읍 서대구일로4길 35-6 (구일리 204-3),043-733-2008,043-733-2008,2,2025-09-03
114,(주)씨케이씨엔씨,"11209, ",충청북도 옥천군 청성면 청성로 127,02-501-8893,02-501-8843,4,2025-09-03
115,(주)아사히,"25119, ",충청북도 옥천군 동이면 적하2길 22 (공장) (총 16 필지) 외 15필지,043-731-7320,043-733-7323,14,2025-09-03
116,(주)아사히시스템,"30320, 30400",충청북도 옥천군 동이면 적하리 773번지,043-731-7320,043-733-7323,7,2025-09-03
117,(주)아성이엔지,"29131, 21301, 21309, 27199, 27212, 27213, 29120, 29174, 29175, 29192",충청북도 옥천군 옥천읍 옥천농공길 80-3,042-283-0805,,2,2025-09-03
118,(주)안현엔지니어링,"24132, 24133, 25111, 25113, 25114, 26421, 28422, 28423, 28429",충청북도 옥천군 옥천읍 양수로6길 91-2 (공장),070-7759-7082,041-751-6265,15,2025-09-03
119,(주)알루엔,"24119, ",충청북도 옥천군 옥천읍 테크노밸리로1길 16-17,043-733-2018,043-732-2018,3,2025-09-03
120,(주)알지엠,"30201, ",충청북도 옥천군 옥천읍 테크노밸리로1길 16-13,070-4271-1038,043-732-3969,11,2025-09-03
121,(주)업힐트레이딩,"13223, 13999, 33993",충청북도 옥천군 군북면 비야대정로 255,043-733-6396,,10,2025-09-03
122,(주)에스비씨산업,"22222, ",충청북도 옥천군 동이면 동이농공길 108,031-252-5754,0303-3445-5755,5,2025-09-03
123,(주)에스에이씨,"23993, ",충청북도 옥천군 청성면 소서길 66-1,043-733-7118,043-733-7120,16,2025-09-03
124,(주)에스에이치창호시스템,"23112, 22223, 23119, 25111",충청북도 옥천군 군서면 성왕로 485,070-4335-0815,042-221-7160,12,2025-09-03
125,(주)에스엔건설 옥천공장,"13219, ",충청북도 옥천군 옥천읍 마암로 125-21,042-638-9405,042-638-9404,1,2025-09-03
126,(주)에이스멀치,"17904, ",충청북도 옥천군 동이면 동이농공길 101-23,043-733-0605,043-733-6203,5,2025-09-03
127,(주)에이피에스,"21230, 10901, 10902, 10903",충청북도 옥천군 이원면 미동1길 207-30 (공장) 외 1필지,043-733-0636,043-733-0640,18,2025-09-03
128,(주)에코존,"23329, 25112",충청북도 옥천군 이원면 강청길 5 (공장),043-731-0207,043-731-0208,2,2025-09-03
129,(주)엔에이치에이바이오,"10901, 10902, 10903",충청북도 옥천군 청산면 인정리 1370,042-825-9223,,6,2025-09-03
130,(주)엔이티플러스,"25122, 29150, 29163, 29176",충청북도 옥천군 옥천읍 매동로 57-2,043-716-0114,043-730-0950,2,2025-09-03
131,(주)엘렉스폴리테크,"20203, ",충청북도 옥천군 이원면 미동1길 207-18 (창고) (총 4 필지) 외 3필지,043-731-7240,043-731-7246,17,2025-09-03
132,(주)엘엔에프 농업회사법인,"10701, 10709",충청북도 옥천군 옥천읍 서부로 337,043-731-8109,043-731-8110,12,2025-09-03
133,(주)엠앤에프식품,"10831, 10122, 10129",충청북도 옥천군 옥천읍 옥천동이로 273 (공장),,043-733-9263,5,2025-09-03
134,(주)엠케이,"29161, ",충청북도 옥천군 옥천읍 가풍리 1113 번지,043-731-8021,043-731-8020,14,2025-09-03
135,(주)엠케이 (지점),"30201, ",충청북도 옥천군 옥천읍 테크노밸리로1길 46,043-731-8021,043-731-8021,7,2025-09-03
136,(주)여진,"29250, ",충청북도 옥천군 군북면 비야대정로 293-10,043-731-9034,043-731-9036,7,2025-09-03
137,(주)오주산업,"22211, ",충청북도 옥천군 청산면 남부로 1917-7 (공장),032-624-1551,032-624-1550,3,2025-09-03
138,(주)오케이120,"33999, ",충청북도 옥천군 동이면 평산길 129 (창고),043-731-3543,043-731-3549,6,2025-09-03
139,(주)옥천육가공,"10129, 10122",충청북도 옥천군 옥천읍 금장로 110 (정육점),043-731-0606,043-731-9229,18,2025-09-03
140,(주)옥천향수식품,"10301, 10302",충청북도 옥천군 군서면 월전1길 3-16 (공장),043-731-6928,043-732-4696,11,2025-09-03
141,(주)와이케이건기,"29241, ",충청북도 옥천군 옥천읍 서부로 371-12 (철거),1588-3806,031-474-3830,5,2025-09-03
142,(주)우노,"25112, 22299, 24321, 25111, 25113, 25114, 25119, 29177",충청북도 옥천군 옥천읍 마암로3길 41,070-8676-6580,041-411-1066,7,2025-09-03
143,(주)우림바이오,"20312, 20313",충청북도 옥천군 이원면 건진2길 57-21 (공장) 외 1필지,043-733-8500,043-733-8087,15,2025-09-03
144,(주)우원오토,"30320, ",충청북도 옥천군 이원면 묘목로 202,043-732-1201,043-732-1202,19,2025-09-03
145,(주)우진섬유,"13213, ",충청북도 옥천군 군서면 월전1길 3-12 (우진섬유) 외 2필지,043-731-1482,043-731-1483,11,2025-09-03
146,(주)원웅식품,"10309, ",충청북도 옥천군 이원면 장찬리 6-2번지,043-733-7333,032-434-2289,5,2025-09-03
147,(주)원일패널,"25112, 25119",충청북도 옥천군 동이면 지양2길 16 (주택) (총 3 필지) 외 2필지,043-731-9008,043-731-9330,14,2025-09-03
148,(주)원풍 옥천공장,"22212, ",충청북도 옥천군 청산면 인정1길 42,043-733-5111,043-733-5109,12,2025-09-03
149,(주)유명,"29291, 22211, 29222",충청북도 옥천군 옥천읍 옥천동이로 387-57 (공장),043-731-1860,,20,2025-09-03
150,(주)유성테크 옥천지점,"23312, 23321",충청북도 옥천군 옥천읍 서대구일로 282 (공장),043-733-7335,043-733-7338,27,2025-09-03
151,(주)유아콘크리트,"23324, 23325, 23326",충청북도 옥천군 청산면 인정길 39,043-733-4507,,11,2025-09-03
152,(주)유진산업,"22229, 22223, 25111, 25112, 25119",충청북도 옥천군 옥천읍 서대구일로 42 외 3필지,043-731-0732,043-731-0730,30,2025-09-03
153,(주)은광,"22241, 22249",충청북도 옥천군 옥천읍 지용로 182 외 2필지,043-733-2101,043-733-2103,6,2025-09-03
154,(주)은산,"23119, ",충청북도 옥천군 청산면 인정1길 80,043-733-8110,,4,2025-09-03
155,(주)은성팬테크,"29174, 29210",충청북도 옥천군 옥천읍 옥천동이로 277,043-731-4955,043-731-4997,12,2025-09-03
156,(주)이담,"10421, ",충청북도 옥천군 옥천읍 옥천동이로 387-55 (공장),070-7858-2126,043-731-1313,23,2025-09-03
157,(주)이든,"10891, ",충청북도 옥천군 옥천읍 성왕로 1347,,043-938-9388,7,2025-09-03
158,(주)일성계전,"28123, ",충청북도 옥천군 군서면 동평3길 45-61,070-4757-1188,042-636-4432,8,2025-09-03
159,(주)일양택배,"52941, ",충청북도 옥천군 옥천읍 옥천농공길 100-17 (택배),043-731-9808,043-731-5125,3,2025-09-03
160,(주)자강,"22212, 22213",충청북도 옥천군 동이면 동이농공길 73-3 (공장),043-731-0071,043-731-0070,32,2025-09-03
161,(주)정도하이텍,"20203, ",충청북도 옥천군 옥천읍 서대구일로 253 (공장),043-733-6560,043-733-6566,4,2025-09-03
162,(주)제이앤드에프 (2공장),"30392, ",충청북도 옥천군 이원면 이원농공로 50 공장,070-4907-1551,043-731-6135,30,2025-09-03
163,(주)제이앤드에프이원공장,"30399, 30391, 30392, 30400",충청북도 옥천군 이원면 이원농공로 58 (공장),043-731-6131,043-731-6135,101,2025-09-03
164,(주)제이앤에스코퍼레이션,"25122, 27213, 29250",충청북도 옥천군 옥천읍 서부로 34,043-731-8654,043-733-8653,12,2025-09-03
165,(주)제이에스텍스타일,"13213, ",충청북도 옥천군 동이면 동이농공길 98 (공장),043-731-9562,043-731-9560,13,2025-09-03
166,(주)제이월드,"27199, ","충청북도 옥천군 옥천읍 의료단지길 79, 옥천의료기기보육센터 101호",043-731-3165,043-731-3166,14,2025-09-03
167,(주)제일산업사,"22241, 22249",충청북도 옥천군 옥천읍 테크노밸리로 79,031-354-7595,031-354-7596,80,2025-09-03
168,(주)젠스인터내셔널,"27199, ","충청북도 옥천군 옥천읍 의료단지길 79, 203",042-527-7661,042-527-6166,3,2025-09-03
169,(주)조광,"29223, 25111, 25929, 29133, 29210",충청북도 옥천군 군북면 증약길 209 외 1필지,043-267-4445,043-267-4447,8,2025-09-03
170,(주)조양,"28121, 22211, 26410, 26421, 26429, 26519, 27216, 28122, 28123",충청북도 옥천군 청산면 남부로 1917-7 (공장),043-733-6233,043-733-7759,9,2025-09-03
171,(주)중부홈앤텍,"25111, 27215, 30201, 30202",충청북도 옥천군 동이면 금암6길 33 (동이면 지양리 925 제2종근린생활시설 (이지섭)),043-731-9900,043-731-9993,2,2025-09-03
172,(주)중원모터스,"30400, ",충청북도 옥천군 옥천읍 매동로 68,,043-731-7837,19,2025-09-03
173,(주)지에이치이엔지,"25113, ",충청북도 옥천군 옥천읍 마암리 산 23-5 외 1필지,,043-733-0922,5,2025-09-03
174,(주)지엠테크,"22229, ",충청북도 옥천군 동이면 동이농공길 101-35 (공장),043-733-1244,043-733-1250,25,2025-09-03
175,(주)진성메디,"27112, 27199","충청북도 옥천군 옥천읍 가풍리 1115 번지 옥천전략클러스터 202호, 204호",043-731-3677,,3,2025-09-03
176,(주)진우,"13225, ",충청북도 옥천군 옥천읍 서대구일로 265-9 (공장),043-731-4812,043-733-4813,8,2025-09-03
177,(주)진진,"13103, 13211",충청북도 옥천군 옥천읍 옥천농공길 113 (공장) 외 2필지,043-731-7161,043-731-7131,28,2025-09-03
178,(주)창대기업,"25111, ",충청북도 옥천군 군북면 비야대정로 337,043-733-2625,043-733-2615,5,2025-09-03
179,(주)창조,"20203, ",충청북도 옥천군 군서면 성왕로 483-6 (창고) (총 5 필지),043-733-5078,043-731-5079,9,2025-09-03
180,(주)창조금속,"24329, 30310, 30400",충청북도 옥천군 옥천읍 마암로3길 12 (공장),043-731-2848,043-731-5849,18,2025-09-03
181,(주)천성,"13213, ",충청북도 옥천군 동이면 동이농공길 92 (공장),043-732-7982,043-733-2611,33,2025-09-03
182,(주)청양식품,"10832, ",충청북도 옥천군 옥천읍 테크노밸리로2길 5,043-733-6563,043-733-6564,50,2025-09-03
183,(주)체리부로,"10901, 10902, 10903",충청북도 옥천군 옥천읍 삼청2길 48-1 (공장),043-730-5700,043-731-8611,22,2025-09-03
184,(주)케이알앤테크,"28422, 28423, 28429, 33910",충청북도 옥천군 옥천읍 남곡길 8,043-742-2226,043-742-2227,3,2025-09-03
185,(주)케이원텍,"23999, ",충청북도 옥천군 동이면 평산길 185,043-733-4144,,4,2025-09-03
186,(주)케이푸드,"10709, 10602",충청북도 옥천군 군북면 옥천로 1062,043-733-9261,,15,2025-09-03
187,(주)코엔켐,"20499, 20422, 21301",충청북도 옥천군 청산면 인정1길 17,043-732-8107,043-732-8109,23,2025-09-03
188,(주)코핸즈,"29132, 29131",충청북도 옥천군 군서면 동평3길 45-6 ((주)코핸즈),043-733-8851,043-733-8850,18,2025-09-03
189,(주)크린워터시스템,"29176, ",충청북도 옥천군 군북면 비야대정로 213-11,1644-7231,043-731-1955,5,2025-09-03
190,(주)태진이엔에스,"27213, 29299",충청북도 옥천군 이원면 미동1길 207-31,,,5,2025-09-03
191,(주)티알에스,"25923, ",충청북도 옥천군 동이면 옥천동이로 684,043-733-4397,043-733-4390,6,2025-09-03
192,(주)티앤알,"25913, 25914",충청북도 옥천군 옥천읍 양수로6길 21 외 2필지,043-733-2686,043-733-2687,15,2025-09-03
193,(주)티에스엔텍,"29176, 25122, 25123, 27214, 29132, 29133, 29150, 29161, 29163, 29169, 29171, 29174, 29175, 29177, 29242, 29261, 29299",충청북도 옥천군 이원면 이원농공로 50-1 (공장),043-733-9106,043-733-9108,22,2025-09-03
194,(주)티에스티인터내셔날,"27199, 27213, 29199",충청북도 옥천군 옥천읍 가풍리 1120-1번지,,043-733-4256,4,2025-09-03
195,(주)티와이엠,"29210, 28111",충청북도 옥천군 옥천읍 서부로 49,043-730-1000,043-730-1493,407,2025-09-03
196,(주)파우제,"29299, 29175, 29261",충청북도 옥천군 동이면 평산길 129,043-731-3543,043-731-3549,7,2025-09-03
197,(주)평화스틸,"25112, ",충청북도 옥천군 동이면 평산길 205 외 1필지,043-732-0602,043-732-0603,10,2025-09-03
198,(주)폴리텍,"22241, 22249, 25924",충청북도 옥천군 옥천읍 마암로2길 31,043-732-0260,043-732-0261,11,2025-09-03
199,(주)폴리텍 제2공장,"22241, 22249, 25924",충청북도 옥천군 옥천읍 마암로2길 38,043-732-0260,043-732-0261,28,2025-09-03
200,(주)폴리피아,"33302, ",충청북도 옥천군 동이면 적하3길 10,043-733-1477,,18,2025-09-03
201,(주)풍림,"20312, 20313",충청북도 옥천군 옥천읍 옥천동이로 265,043-731-5397,043-731-5396,8,2025-09-03
202,(주)퓨럽,"11209, ",충청북도 옥천군 동이면 옥천동이로 576-40,043-733-8870,043-733-8872,25,2025-09-03
203,(주)플라인텍,"31322, 24222, 25999",충청북도 옥천군 옥천읍 테크노밸리로1길 23,,,70,2025-09-03
204,(주)픽슨,"30203, ",충청북도 옥천군 옥천읍 테크노밸리로 107,043-733-7928,043-732-7928,11,2025-09-03
205,(주)하나로오에이퍼니처,"32091, 32029, 32099",충청북도 옥천군 옥천읍 옥천동이로 389-39 (공장),042-633-9500,042-632-9911,10,2025-09-03
206,(주)하나로오에이퍼니처,"32091, 32029, 32099",충청북도 옥천군 옥천읍 구일리 38-2번지,042-633-9500,042-632-9911,10,2025-09-03
207,(주)한국엔지니어링웍스,"22199, ",충청북도 옥천군 옥천읍 옥천농공길 79 (공장),043-730-8524,043-730-8510,202,2025-09-03
208,(주)한국팩키지,"17211, 17212",충청북도 옥천군 이원면 이원농공로 50-2 (공장),043-733-7926,043-732-1484,16,2025-09-03
209,(주)한비크라이오,"25122, 25123",충청북도 옥천군 옥천읍 옥천농공길 53-27 (공장) 외 1필지,043-732-9817,043-732-9887,25,2025-09-03
210,(주)한빛정밀,"30310, 30320",충청북도 옥천군 옥천읍 테크노밸리로1길 60,043-731-1518,043-731-1517,65,2025-09-03
211,(주)한켐,"20119, ",충청북도 옥천군 청산면 인정1길 74 (청산면 인정리 1377 공장 ((주)한켐)),043-732-1041,042-931-2643,2,2025-09-03
212,(주)향수정보통신,"27309, 26421, 28903",충청북도 옥천군 옥천읍 의료단지길 35,043-731-0472,043-732-0472,12,2025-09-03
213,(주)협성기계,"29223, ",충청북도 옥천군 옥천읍 서부로 28 (공장) 외 1필지,043-732-1700,043-732-1722,11,2025-09-03
214,(주)화랑,"11209, ",충청북도 옥천군 청성면 장수로2길 30-61 외 1필지,043-732-1774,,8,2025-09-03
215,(주)화신에코,"29223, 25112, 25113, 25114, 25119, 25122, 25123, 28123, 28422, 29261, 29299",충청북도 옥천군 옥천읍 서대구일로3길 31-32 (공장),043-733-6961,043-733-6964,11,2025-09-03
216,(주)화인디펜스,"28302, 25200, 28112, 28113, 28119, 28121, 28122, 28202, 28209, 28301, 28303, 28422, 28429, 28909, 30391, 30399, 30400, 31114",충청북도 옥천군 이원면 이원농공로 48 공장,031-8068-6103,070-4325-6116,12,2025-09-03
217,(주)화인디펜스 제2공장,"28302, ",충청북도 옥천군 동이면 평산길 183 외 1필지,031-8086-6103,070-4325-6116,6,2025-09-03
218,JS푸드,"10603, ",충청북도 옥천군 옥천읍 마암로3길 58-9,,,5,2025-09-03
219,MVP애그텍,"10901, 10902, 10903, 20312, 20313",충청북도 옥천군 군서면 동평3길 45-26 (mvp애그택),043-733-8996,043-733-8809,10,2025-09-03
220,가온조경건설(주)옥천공장,"16229, 16101, 16102, 22212, 28422, 33302",충청북도 옥천군 동이면 세산2길 125,070-4349-0081,043-732-7246,1,2025-09-03
221,감코리아 농업법인 유한회사,"10309, ",충청북도 옥천군 옥천읍 매화리 212-3번지 외 2필지,043-733-4661,043-733-4660,5,2025-09-03
222,거창정밀,"29210, ",충청북도 옥천군 옥천읍 옥천농공길 53-10,043-731-1317,,50,2025-09-03
223,건영웰푸드,"10603, ",충청북도 옥천군 옥천읍 교동리 330-13 외 1필지,,,35,2025-09-03
224,건영푸드,"10603, ",충청북도 옥천군 옥천읍 지용로 134-2 (공장),043-733-7102,043-731-8623,3,2025-09-03
225,경완금속,"28121, 28122",충청북도 옥천군 군서면 성왕로 830-3 (주택),043-732-1417,043-732-1418,4,2025-09-03
226,경원산업,"25932, ",충청북도 옥천군 옥천읍 마암로 64,043-732-5980,043-731-1612,0,2025-09-03
227,경원정밀,"25932, 29210, 29293",충청북도 옥천군 옥천읍 양수로 43-43 (공장),043-732-5980,043-731-1612,10,2025-09-03
228,고려화학,"18119, 18113, 22231",충청북도 옥천군 옥천읍 마암로 92,043-732-6747,043-732-6747,3,2025-09-03
229,고시산푸드,"10701, 10709",충청북도 옥천군 청성면 소서길 258-98,043-733-3539,,3,2025-09-03
230,관성도예,"23221, ",충청북도 옥천군 옥천읍 성왕로 1493 (도예전시장),043-733-5734,,3,2025-09-03
231,광성농자재,"29210, ",충청북도 옥천군 군북면 이백길 69 (주택),043-732-5340,,1,2025-09-03
232,광신수출포장,"16232, ",충청북도 옥천군 옥천읍 옥천동이로 231 (공장),043-731-0295,043-731-0295,3,2025-09-03
233,교구라인,"32099, 32029, 32091",충청북도 옥천군 옥천읍 구일리 38-2번지,043-731-9511,043-731-9510,5,2025-09-03
234,교동유통(주),"10309, ",충청북도 옥천군 옥천읍 매화2길 27 (공장),043-731-0056,,8,2025-09-03
235,근우테크,"34019, ",충청북도 옥천군 동이면 금암6길 48-20,043-731-5836,043-731-0868,4,2025-09-03
236,글로벌이츠에프엔비(주),"10129, ",충청북도 옥천군 옥천읍 성왕로 1303,043-732-1801,043-732-1802,5,2025-09-03
237,금강싸이징,"13409, ",충청북도 옥천군 동이면 동이농공길 73-26 (창고),043-732-2032,043-732-2039,6,2025-09-03
238,금성공업사,"29241, ",충청북도 옥천군 옥천읍 대천길 11 (자동차공업사),043-732-4444,043-732-4443,10,2025-09-03
239,금성산업,"22232, ",충청북도 옥천군 군북면 증약길 211-33,043-636-2678,042-6352-679,2,2025-09-03
240,나무와집,"16229, ",충청북도 옥천군 군북면 증약길 15 (상점) 외 2필지,043-731-7551,,2,2025-09-03
241,낙원금속,"24329, 30310",충청북도 옥천군 군서면 월전1길 15-18 (용평오퍼스),,043-731-5849,1,2025-09-03
242,농업법인회사(주)산애들,"10820, ",충청북도 옥천군 청성면 도장1길 47 B동,043-733-7677,043-732-7677,4,2025-09-03
243,농업회사법인 (주)대흥농산,"10309, ",충청북도 옥천군 동이면 동이농공길 52-27 (공장),043-733-8478,043-733-3326,12,2025-09-03
244,농업회사법인 (주)쏠바이오,"20312, 10839, 10901, 10903",충청북도 옥천군 동이면 옥천동이로 702,,041-754-7750,4,2025-09-03
245,농업회사법인 (주)옥천향수푸드,"10129, 10122, 11209",충청북도 옥천군 동이면 동이농공길 73-16,,,0,2025-09-03
246,농업회사법인 (주)창성,"10412, ",충청북도 옥천군 이원면 미동1길 211,043-732-1261,043-732-1262,3,2025-09-03
247,농업회사법인 순전식품(주),"10709, ",충청북도 옥천군 옥천읍 마암로2길 30,043-733-0663,043-733-8664,8,2025-09-03
248,농업회사법인 주식회사 겨,"10603, ",충청북도 옥천군 군북면 증약길 211-32,043-731-6647,,11,2025-09-03
249,농업회사법인 주식회사 금호식품,"10832, 10412, 10413",충청북도 옥천군 이원면 용방3길 18 (공장),043-731-7791,043-733-7795,7,2025-09-03
250,농업회사법인 주식회사 향미식품 옥천공장,"10301, 10302",충청북도 옥천군 동이면 동이농공길 73-10 (공장),043-732-9740,043-732-9747,14,2025-09-03
251,농업회사법인 케이웰바이오신약(주),"10899, 10302, 10309, 10601, 11209",충청북도 옥천군 옥천읍 매화리 47-2번지,043-733-3293,043-733-3294,3,2025-09-03
252,농업회사법인 팜엔쿡(주),"10602, ",충청북도 옥천군 옥천읍 신기3길 26-1,043-732-0203,,2,2025-09-03
253,농업회사법인(주)국향주조,"11111, ",충청북도 옥천군 안내면 현리5길 8-9 (창고),043-732-2238,043-732-2208,9,2025-09-03
254,농업회사법인(주)은혜농산,"10601, 10602, 10820",충청북도 옥천군 군북면 자모길 21-15,043-733-5846,,20,2025-09-03
255,농업회사법인(주)참옻들,"16102, ",충청북도 옥천군 청성면 청성로 238 (공장),043-733-0039,043-731-9698,10,2025-09-03
256,농업회사법인아이사랑정푸드유한회사,"10309, ",충청북도 옥천군 옥천읍 양수로6길 19 외 3필지,043-731-9031,043-731-9030,13,2025-09-03
257,농업회사법인아이사랑정푸드유한회사(2공장),"10894, 10601",충청북도 옥천군 옥천읍 양수로6길 25 외 2필지,043-731-9031,043-731-9030,35,2025-09-03
258,농업회사법인한울팜스(주),"10309, ",충청북도 옥천군 군북면 비야대정로 293-3,043-733-8288,043-731-8837,30,2025-09-03
259,다드림전선드럼,"16232, ",충청북도 옥천군 옥천읍 지용로 194-8,,041-522-4724,8,2025-09-03
260,다솜타올,"13219, 14499",충청북도 옥천군 군서면 월전1길 15-21 (다솜타올) (총 2 필지) 외 1필지,043-732-6944,043-733-6949,15,2025-09-03
261,다인엔지니어링,"29210, ",충청북도 옥천군 군북면 증약길 12 (공장),043-731-1448,043-731-6682,4,2025-09-03
262,대경바이오,"20312, ",충청북도 옥천군 동이면 동이농공길 108 (공장),043-733-7914,043-733-7916,3,2025-09-03
263,대경하우징,"23211, 23212",충청북도 옥천군 동이면 동이농공길 108 (공장),043-733-7914,043-733-7916,18,2025-09-03
264,대도식품,"10820, 10129, 10513, 10601, 10603, 10709, 10899",충청북도 옥천군 옥천읍 양수로6길 72-24 외 1필지,043-731-6797,043-731-6822,10,2025-09-03
265,대로텍,"25924, 25999",충청북도 옥천군 군북면 증약길 211-34,043-731-1462,043-731-1463,1,2025-09-03
266,대명기계,"29293, ",충청북도 옥천군 동이면 동이농공길 52-37 (창고),043-731-7813,043-731-7815,6,2025-09-03
267,대보팍스(주),"52913, 49301",충청북도 옥천군 옥천읍 옥천동이로 387-54 (택배) (총 2 필지),043-731-0323,043-731-0324,27,2025-09-03
268,대산에코산업(주),"23329, 23324, 23325, 23326",충청북도 옥천군 동이면 적하길 30 (마을원로회),043-731-3447,043-731-3446,7,2025-09-03
269,대승산업,"22299, ",충청북도 옥천군 군북면 증약길 156,043-733-6707,043-733-6709,6,2025-09-03
270,대양스포츠산업,"25113, 25114, 33301, 33302",충청북도 옥천군 동이면 적하2길 20,043-733-4970,043-733-4974,6,2025-09-03
271,대운식품,"10893, ",충청북도 옥천군 옥천읍 양수로6길 15 외 1필지,,043-731-6850,3,2025-09-03
272,대원플라텍,"22241, 22249, 22299",충청북도 옥천군 군서면 동평3길 45-19 (대원기업사) (총 7 필지),043-733-7935,043-733-7936,7,2025-09-03
273,대일목재,"16231, 16101",충청북도 옥천군 동이면 옥천로 2283,,042-274-3801,6,2025-09-03
274,대전금속,"24311, ",충청북도 옥천군 동이면 동이농공길 101-46 (공장),043-732-8528,043-732-8348,15,2025-09-03
275,대진아스콘(주),"23991, ",충청북도 옥천군 이원면 건진2길 53 외 3필지,043-731-9770,043-733-9773,7,2025-09-03
276,대창,"29229, 10520",충청북도 옥천군 군서면 월전리 223-1번지 외 3필지 외 3필지,043-733-2348,043-733-2379,12,2025-09-03
277,대창테크,"22193, ","충청북도 옥천군 옥천읍 마암로 125-19, 대창테크",042-626-2935,,3,2025-09-03
278,대창테크,"22193, 16300",충청북도 옥천군 옥천읍 마암로 125-19,042-626-2935,,3,2025-09-03
279,대호(주),"29210, 30201, 30202",충청북도 옥천군 동이면 금강로 145 (동이면) 외 2필지,043-731-0008,043-731-0009,40,2025-09-03
280,데스크플러스,"22299, 17901, 32099, 33209",충청북도 옥천군 옥천읍 양수로6길 72-27 (공장),1644-7833,043-733-5933,4,2025-09-03
281,도니푸드,"10129, ",충청북도 옥천군 동이면 옥천동이로 497,,055-382-9266,4,2025-09-03
282,동래타올,"13219, ",충청북도 옥천군 군북면 증약길 157-3 (공장),043-733-5744,043-733-5744,3,2025-09-03
283,동성기계금속,"24312, ",충청북도 옥천군 옥천읍 옥천동이로 389-46 공장,043-731-9228,043-731-9228,2,2025-09-03
284,동성기업,"25119, ",충청북도 옥천군 군북면 증약길 6 (주택),043-733-0888,043-733-0999,1,2025-09-03
285,동성정밀,"30399, 30320, 30391, 30392, 30400",충청북도 옥천군 이원면 신흥4길 30-2,043-733-3647,043-733-3647,2,2025-09-03
286,동양산업(주),"13225, ",충청북도 옥천군 이원면 묘목로 226 (공장),043-733-8035,043-733-4708,10,2025-09-03
287,동양정밀,"29210, ",충청북도 옥천군 군서면 동평3길 43 (공장),043-733-5627,043-733-9841,38,2025-09-03
288,동우스틸(주),"25112, ",충청북도 옥천군 옥천읍 삼청2길 58 (공장) 외 1필지,043-733-7830,043-733-7839,4,2025-09-03
289,동우테크,"22232, ",충청북도 옥천군 동이면 지양리 840번지 외 3필지,,043-731-0352,10,2025-09-03
290,동우폴리메탈 주식회사,"25112, ",충청북도 옥천군 옥천읍 마암리 417번지 외 4필지,043-733-7830,043-733-7839,8,2025-09-03
291,두미식품,"10833, ",충청북도 옥천군 옥천읍 서부로 355 (공장),043-731-8803,043-731-0636,7,2025-09-03
292,두산테크,"28520, ",충청북도 옥천군 옥천읍 서부로 31 (공장),043-731-1718,043-731-1799,4,2025-09-03
293,두원중공업(주),"31322, ",충청북도 옥천군 옥천읍 테크노밸리로4길 14 외 1필지,055-851-2121,055-851-2011,151,2025-09-03
294,두일엔지니어링,"29169, ",충청북도 옥천군 옥천읍 서부로 38-6 (공장),,042-632-6396,5,2025-09-03
295,드림팩토리,"28123, ",충청북도 옥천군 동이면 동이농공길 70,043-733-1171,043-733-1172,12,2025-09-03
296,디엔에스(D&S),"22299, 32099",충청북도 옥천군 군북면 증약길 20,043-733-6770,043-733-6709,3,2025-09-03
297,락희푸드,"10309, 10899",충청북도 옥천군 옥천읍 가풍2길 1,043-733-9383,0504-088-1944,0,2025-09-03
298,로보드림(주),"29210, 31999",충청북도 옥천군 동이면 금강로 145,043-731-0008,043-731-0009,13,2025-09-03
299,루미나씽크,"32021, ",충청북도 옥천군 군서면 성왕로 543,043-731-1872,,4,2025-09-03
300,맥우성진푸드,"10129, 10122",충청북도 옥천군 군서면 월전1길 15-8 외 1필지,043-733-3196,043-733-3197,7,2025-09-03
301,메탈크래프트코리아(주),"25913, 13224, 25113, 25914, 33302",충청북도 옥천군 동이면 적하4길 68 (공장),043-731-7230,043-731-7235,12,2025-09-03
302,메탈크래프트코리아(주),"25913, 13224, 25112, 25914, 25999, 33302",충청북도 옥천군 동이면 동이농공길 101-32 외 1필지,043-731-7230,043-731-7235,39,2025-09-03
303,명신금속,"24321, 29250",충청북도 옥천군 동이면 세산5길 14-60 외 1필지,,,4,2025-09-03
304,모든푸드,"10121, ",충청북도 옥천군 군북면 비야대정로2길 31-1,043-634-4321,,2,2025-09-03
305,목화섬유,"13219, ",충청북도 옥천군 군북면 자모길 26,043-733-9344,043-733-9367,4,2025-09-03
306,미광산업 주식회사,"17221, 18113, 18119",충청북도 옥천군 동이면 적하1길 74 (창고) 외 1필지,042-253-5875,042-255-5875,5,2025-09-03
307,미래알루미늄참호,"22223, 25111",충청북도 옥천군 동이면 동이농공길 68 외 1필지,043-731-6575,043-731-0730,9,2025-09-03
308,미아전기(주),"28119, 25113, 25114, 28123, 28410, 28422, 28903",충청북도 옥천군 청산면 남부로 2254 (경비실),043-733-5750,043-733-1585,18,2025-09-03
309,반석산업,"32021, 22299",충청북도 옥천군 군서면 동평3길 45-61,,,6,2025-09-03
310,벨트올(주),"13921, ",충청북도 옥천군 군북면 이백길 93 (상점) 외 1필지,043-733-9722,043-733-9724,6,2025-09-03
311,보우텍스,"13104, ",충청북도 옥천군 동이면 평산길 94,043-733-6181,043-733-6180,11,2025-09-03
312,북경한의원 원외탕전실,"21220, ",충청북도 옥천군 옥천읍 송신길 32,043-731-5075,043-731-5076,4,2025-09-03
313,비바(주),"22211, 22212, 22213",충청북도 옥천군 옥천읍 옥천농공길 86,043-733-4950,043-733-5960,9,2025-09-03
314,비이엠 주식회사,"28111, 35114",충청북도 옥천군 옥천읍 테크노밸리로2길 21,043-732-7331,043-732-7332,13,2025-09-03
315,삼부정밀,"29210, ",충청북도 옥천군 옥천읍 양수리 59-3번지 외 1필지 외 1필지,043-731-6617,,3,2025-09-03
316,삼신정공,"25924, 25929",충청북도 옥천군 옥천읍 서부로 50 (공장),043-731-8500,043-731-8686,2,2025-09-03
317,삼진화학,"22211, ",충청북도 옥천군 동이면 옥천로 2182-1 외 1필지,043-732-7606,043-732-7608,23,2025-09-03
318,상원포장산업사,"13225, ",충청북도 옥천군 안내면 현리길 123 (창고),043-732-8755,,6,2025-09-03
319,선정물산,"14499, 13222, 13229, 13991, 14192, 15129, 15190",충청북도 옥천군 군북면 증약길 211-38,043-733-4702,043-733-4702,2,2025-09-03
320,성광C&B,"29229, ",충청북도 옥천군 군북면 비야대정로 293-10 외 1필지,043-732-0883,043-732-0910,8,2025-09-03
321,성무특장,"30201, ",충청북도 옥천군 옥천읍 테크노밸리로2길 40,043-733-7753,043-733-7754,15,2025-09-03
322,성안목재,"16101, ",충청북도 옥천군 청성면 소서길 66-1,,043-733-7120,10,2025-09-03
323,성진테크,"24119, ",충청북도 옥천군 옥천읍 테크노밸리로1길 50,042-624-5608,,2,2025-09-03
324,세이드하우스(주),"13224, 25112, 25999",충청북도 옥천군 옥천읍 청풍로 125,043-732-1404,043-732-1405,1,2025-09-03
325,솔빛나라,"20422, 22199, 25993",충청북도 옥천군 군서면 성왕로 370-26 외 3필지,,,4,2025-09-03
326,수원공업주식회사,"24199, ",충청북도 옥천군 옥천읍 구일리 970,041-753-7390,,10,2025-09-03
327,신성씨앤에스(주),"25929, ",충청북도 옥천군 옥천읍 의료단지길 76,070-4912-5233,,11,2025-09-03
328,신영상사,"10891, ",충청북도 옥천군 군북면 비야대정로 213-10,,043-733-7032,2,2025-09-03
329,신영제과,"10603, ",충청북도 옥천군 군서면 월전2길 86-85,043-731-9056,043-731-9056,2,2025-09-03
330,신용썬테크(주),"28119, 25112, 28113, 28422, 29261, 29299",충청북도 옥천군 옥천읍 서부로 33,043-733-0350,043-731-0357,7,2025-09-03
331,신진산업(주),"13224, 13229",충청북도 옥천군 동이면 동이농공길 101-46 (공장),043-733-6596,043-733-6598,21,2025-09-03
332,썬차일,"13224, 25913, 25914",충청북도 옥천군 옥천읍 성암2길 7-4,043-731-1110,043-733-3306,1,2025-09-03
333,씨씨엘 피티 시스템즈 유한책임회사,"25113, 25114",충청북도 옥천군 청산면 판수1길 22-16,043-732-7595,043-732-7596,6,2025-09-03
334,아란갤러리,"16292, ",충청북도 옥천군 군북면 옥천로 1006-21,,,11,2025-09-03
335,아바나주식회사,"16299, 25999, 32029",충청북도 옥천군 군서면 성왕로 777,070-4042-9203,070-4062-9203,1,2025-09-03
336,아이앤지산업(주),"33301, 16101, 16102, 16229, 20411, 25112, 25113, 25114, 25119, 25932, 29299, 33302, 33309",충청북도 옥천군 동이면 세산2길 125 (동이면),070-4349-0092,043-732-7246,10,2025-09-03
337,아이언에이지(주),"25119, 25923, 25929",충청북도 옥천군 동이면 옥천동이로 684 외 2필지,043-733-8091,043-733-8093,24,2025-09-03
338,안내토기,"23221, ",충청북도 옥천군 안내면 현리4길 64-18 외 2필지,043-732-6464,043-732-9010,9,2025-09-03
339,양지내츄럴,"16102, 16229, 25112",충청북도 옥천군 옥천읍 옥천농공길 53-26 (성공시대),,043-733-8859,5,2025-09-03
340,에이스헬스케어(주),"27199, ",충청북도 옥천군 옥천읍 의료단지길 47,043-730-2800,043-730-2890,55,2025-09-03
341,에이텍산업(주),"25113, 16229, 25114",충청북도 옥천군 옥천읍 옥천농공길 80-9 (창고),031-733-3481,031-733-3485,10,2025-09-03
342,연합농원파이프(주),"24132, 24133",충청북도 옥천군 옥천읍 의료단지길 76,043-731-9711,043-731-4582,3,2025-09-03
343,영농조합법인블루마운트,"11209, ",충청북도 옥천군 청산면 남부로 2025-1 (축사),043-732-8373,043-733-6160,3,2025-09-03
344,영보직물(주),"13219, 13213",충청북도 옥천군 이원면 이원농공로 40 (공장),043-733-8385,043-733-8387,16,2025-09-03
345,영일테크,"30399, ",충청북도 옥천군 옥천읍 테크노밸리로2길 22,043-731-7081,043-731-7083,3,2025-09-03
346,영진엔지니어링,"28123, ",충청북도 옥천군 이원면 이원3길 31-4,043-733-4749,043-733-4757,7,2025-09-03
347,오천식품(주),"10820, 10513",충청북도 옥천군 안내면 안내수한로 315 (공장),043-733-8277,043-733-0454,33,2025-09-03
348,옥천군장애인보호작업장(자연&SOOM),"13229, ",충청북도 옥천군 옥천읍 지용로 182-11,043-731-8400,043-731-8432,0,2025-09-03
349,옥천군장애인보호작업장(자연담기),"22231, ",충청북도 옥천군 옥천읍 지용로 182-11,,043-731-8432,0,2025-09-03
350,옥천군장애인보호작업장(자연당),"10602, 10603",충청북도 옥천군 옥천읍 교동리 281-10번지,043-731-8400,043-731-8432,15,2025-09-03
351,옥천금강참옻영농조합법인,"11209, ",충청북도 옥천군 옥천읍 서부로 9 (창고),043-733-9978,043-733-9845,3,2025-09-03
352,옥천동서탁주공동제조장,"11111, ",충청북도 옥천군 옥천읍 중앙로5길 5,043-731-5155,,2,2025-09-03
353,옥천레미콘(주),"23322, ",충청북도 옥천군 옥천읍 삼청2길 76 외 5필지,043-731-3034,043-731-3038,7,2025-09-03
354,옥천복숭아봉지,"17109, ",충청북도 옥천군 옥천읍 청풍로 435-21,043-732-1130,043-732-3009,3,2025-09-03
355,옥천산업(주),"25913, 25914",충청북도 옥천군 옥천읍 마암로3길 42 (옥천산업),043-733-7208,043-731-9708,42,2025-09-03
356,옥천산업(주),"30393, 30391, 30392, 30400",충청북도 옥천군 옥천읍 옥천농공길 53-22 (공장),043-733-7208,043-733-7207,30,2025-09-03
357,옥천산업(주),"30393, 30391, 30392, 30400",충청북도 옥천군 옥천읍 옥천농공길 53-20 (공장),043-733-7208,043-731-9708,15,2025-09-03
358,옥천산업(주),"30393, 30391, 30392, 30400",충청북도 옥천군 동이면 남곡길 123 (주택) (총 2 필지) 외 1필지,043-733-7208,,10,2025-09-03
359,옥천산업(주),"30393, 30391, 30392, 30400",충청북도 옥천군 옥천읍 옥천농공길 53-7 (공장),043-733-7208,043-731-9708,75,2025-09-03
360,옥천산업(주),"30393, 30391, 30392, 30400",충청북도 옥천군 옥천읍 옥천농공길 53-5 (공장),043-733-7208,043-731-9708,15,2025-09-03
361,옥천산업(주),"30399, ",충청북도 옥천군 옥천읍 옥천농공길 80-13,043-733-7208,043-731-9708,22,2025-09-03
362,옥천아스콘 주식회사,"23991, ",충청북도 옥천군 이원면 건진2길 49,043-733-8823,043-733-8826,8,2025-09-03
363,옥천연식품,"10894, ",충청북도 옥천군 옥천읍 지용로 134-4 (공장),043-732-5114,,3,2025-09-03
364,옥천요,"23221, ",충청북도 옥천군 군북면 성왕로 1824-48 (공장),043-731-3733,,3,2025-09-03
365,용진산업,"22299, ",충청북도 옥천군 옥천읍 양수리 349번지,043-731-6695,043-731-6694,5,2025-09-03
366,우남환경화학,"20322, 20422",충청북도 옥천군 군서면 성왕로 370-26,042-637-5080,042-637-6150,4,2025-09-03
367,우방전선(주),"28302, ",충청북도 옥천군 이원면 이원농공로 48 (공장),043-731-6919,043-731-6922,21,2025-09-03
368,우승산업기계,"29229, ",충청북도 옥천군 군북면 증약길 205 (철거),,043-732-0842,1,2025-09-03
369,우진금속(주),"25941, 22211, 23329, 24133, 24321, 25113, 25114, 25913, 25914, 25942, 25999, 28121, 28122",충청북도 옥천군 이원면 건진2길 57-19 (공장),043-733-6577,043-733-3817,18,2025-09-03
370,우진사이언스,"32091, 25929, 25932, 27213, 32099","충청북도 옥천군 군북면 비야대정로 179, 1층",042-626-0801,042-627-0801,3,2025-09-03
371,우진전기(주),"28112, 24133, 26429",충청북도 옥천군 옥천읍 옥천동이로 387-41 (공장),043-731-5970,043-731-5969,21,2025-09-03
372,원일,"30320, ",충청북도 옥천군 옥천읍 테크노밸리로2길 16-13,043-733-9946,,4,2025-09-03
373,월드아이텍,"29241, 33301",충청북도 옥천군 옥천읍 서부로 39 (창고),043-733-6638,043-733-6639,10,2025-09-03
374,윈텍이앤씨주식회사,"25113, ",충청북도 옥천군 옥천읍 옥천농공길 80-9,031-715-3369,031-715-8805,1,2025-09-03
375,유원,"25111, ",충청북도 옥천군 군북면 증약리 469-19 외 2필지,,,5,2025-09-03
376,유진개발,"25111, ",충청북도 옥천군 군북면 증약리 469-4 외 2필지,,043-214-8457,6,2025-09-03
377,유창산업(주),"22211, ",충청북도 옥천군 청산면 인정길 96 외 1필지,043-732-8070,043-732-8073,1,2025-09-03
378,유한회사 반석케미칼,"20411, ",충청북도 옥천군 이원면 건진2길 31,043-731-9506,043-731-9507,4,2025-09-03
379,이끌림주방,"32021, 32029",충청북도 옥천군 군북면 비야대정로 154 (상점),043-733-1351,043-731-9950,4,2025-09-03
380,이담테크,"20424, 10839, 13229, 20321, 20322, 21301, 21309",충청북도 옥천군 군북면 비야대정로 175,1688-7545,043-732-0669,3,2025-09-03
381,이레,"10412, 10831",충청북도 옥천군 동이면 세산2길 119 (주택) (총 4 필지),,043-731-8421,7,2025-09-03
382,이원양조장,"11111, ",충청북도 옥천군 이원면 묘목로 113 외 2필지,043-732-2177,043-732-2177,1,2025-09-03
383,이현산업,"23222, ",충청북도 옥천군 군북면 증약길 211-42,,,2,2025-09-03
384,인지컨트롤스(주),"30310, ",충청북도 옥천군 이원면 건진리 442-7번지 외 1필지 외 1필지,043-730-5500,043-730-5555,172,2025-09-03
385,인효(주),"23199, 10901, 10903, 22211, 23121, 33201, 33209",충청북도 옥천군 옥천읍 서부로 19 (창고),043-731-5339,,5,2025-09-03
386,일신에스엠,"24312, ",충청북도 옥천군 옥천읍 서대구일로4길 60-40 (공장),043-733-7500,043-733-7511,5,2025-09-03
387,일월산업,"33999, 31991",충청북도 옥천군 군북면 비야대정로 293-16 (공장),,,6,2025-09-03
388,일정산업,"25111, ",충청북도 옥천군 옥천읍 마암로 66 외 1필지,,043-731-0761,3,2025-09-03
389,장암유통,"15129, ",충청북도 옥천군 군북면 증약길 211-40,043-731-1598,043-733-1598,2,2025-09-03
390,재성바스웰(주),"22222, 22251, 22259",충청북도 옥천군 동이면 동이농공길 108 (공장),02-553-1944,02-553-1947,4,2025-09-03
391,정보철강(주),"25113, 25114",충청북도 옥천군 군서면 성왕로 798 (창고),043-732-8047,043-732-8049,22,2025-09-03
392,정성가득영농조합법인,"10833, ",충청북도 옥천군 군서면 오동2길 136,043-731-4865,,1,2025-09-03
393,정인테크,"29210, ",충청북도 옥천군 군북면 이백길 83,,,0,2025-09-03
394,제룡산업(주),"22211, 22199, 22212, 22213, 22299, 23329, 24133, 25113, 25114, 25941, 25942, 25999, 26410, 26429, 27214, 28112, 28121, 28122, 28302, 28422, 28902, 29150, 29171, 31202",충청북도 옥천군 청산면 남부로 1917-11 (공장),043-730-2200,043-733-5964,20,2025-09-03
395,제이제이산업(주),"20421, ",충청북도 옥천군 동이면 동이농공길 73-4 (공장),043-733-0420,043-733-0421,8,2025-09-03
396,제이케이하이텍(주),"22291, 22292",충청북도 옥천군 동이면 동이농공길 73-4 (공장),043-733-8482,043-733-8472,4,2025-09-03
397,조경과정원,"32029, 32091",충청북도 옥천군 군북면 비야대정로 293-16,043-731-9515,043-731-9412,1,2025-09-03
398,조광산업,"29222, 29224",충청북도 옥천군 옥천읍 옥천동이로 375 (공장),,043-731-9937,5,2025-09-03
399,주식회사 농업회사법인 이담푸드,"10603, 10309",충청북도 옥천군 군북면 비야대정로 179,1688-7545,043-732-0669,3,2025-09-03
400,주식회사 대건,"25112, ",충청북도 옥천군 동이면 평산길 150,,043-731-1229,2,2025-09-03
401,주식회사 디오디,"13219, ",충청북도 옥천군 옥천읍 마암로 63 (주1동),1600-2621,031-291-2492,6,2025-09-03
402,주식회사 범성,"25111, ",충청북도 옥천군 군서면 동평3길 5-13,043-732-4027,043-731-4027,16,2025-09-03
403,주식회사 보성오토,"30400, 30110, 30331",충청북도 옥천군 군서면 성왕로 564,,042-936-5603,28,2025-09-03
404,주식회사 비움사랑,"10894, ",충청북도 옥천군 옥천읍 이평1길 50,043-731-3175,043-731-2175,7,2025-09-03
405,주식회사 선식품,"01412, ",충청북도 옥천군 동이면 옥천동이로 576-60,042-273-4915,,4,2025-09-03
406,주식회사 쏠마린캠핑카,"30201, 30202",충청북도 옥천군 옥천읍 남곡길 8,,,4,2025-09-03
407,주식회사 씨더스 농업회사법인,"22299, 29210",충청북도 옥천군 군서면 월전리 77-2번지,042-710-4035,042-710-4036,1,2025-09-03
408,주식회사 에이스에어,"29132, ",충청북도 옥천군 군서면 성왕로 564,042-636-0051,042-636-0452,3,2025-09-03
409,주식회사 엘림,"16101, 16102, 16211, 16229, 22212, 22213, 25112, 25119",충청북도 옥천군 옥천읍 지용로 192 (공장) (총 2 필지) 외 1필지,043-731-2300,043-731-2309,20,2025-09-03
410,주식회사 오형에프앤비,"10603, ",충청북도 옥천군 군북면 비야대정로2길 24,,,2,2025-09-03
411,주식회사 융전,"20312, ",충청북도 옥천군 동이면 옥천동이로 576-49 (공장) 외 1필지,043-732-0004,043-733-6985,32,2025-09-03
412,주식회사 융전,"20321, 20312, 20322, 35114, 35115, 35119",충청북도 옥천군 청산면 인정리 1374번지,043-732-0004,043-733-6985,25,2025-09-03
413,주식회사 은성,"29174, 29210",충청북도 옥천군 동이면 평산3길 7 공장,,043-731-4956,16,2025-09-03
414,주식회사 젠텍,"33999, 25119, 25913, 25914",충청북도 옥천군 옥천읍 양수리 57-4,043-731-0991,043-731-0995,3,2025-09-03
415,주식회사 지오건설산업,"24121, 25929",충청북도 옥천군 동이면 동이농공길 124-5,043-732-3799,,2,2025-09-03
416,주식회사 케이엠피,"13999, ",충청북도 옥천군 옥천읍 매동로 64,043-731-1901,02-6455-8086,2,2025-09-03
417,주식회사 피앤디,"28112, ",충청북도 옥천군 옥천읍 옥천동이로 292,043-733-4571,,10,2025-09-03
418,주식회사 한국건설산업,"25932, ",충청북도 옥천군 옥천읍 마암로 119 외 1필지,043-733-7203,043-731-7204,11,2025-09-03
419,주식회사 화성산업,"22211, 22232",충청북도 옥천군 옥천읍 양수로6길 72-29 (공장),043-732-6256,043-732-6257,10,2025-09-03
420,주식회사비젼케어텍,"27301, ","충청북도 옥천군 옥천읍 의료단지길 60, 전략산업클러스터센터 106호",043-733-8022,043-733-8023,2,2025-09-03
421,주식회사비젼케어텍,"27301, ","충청북도 옥천군 옥천읍 의료단지길 60, 전략산업클러스터센터 106호",043-733-8022,043-733-8023,0,2025-09-03
422,주식회사하이닥,"10121, ","충청북도 옥천군 군북면 옥천로 1060, 2층",042-525-8999,042-525-8948,25,2025-09-03
423,주영제분(주),"10520, ",충청북도 옥천군 옥천읍 향수길 137-3,043-733-9200,043-733-9201,3,2025-09-03
424,중부콘크리트산업,"23324, 23326",충청북도 옥천군 동이면 금강로 141,,043-733-5861,2,2025-09-03
425,중앙공업사,"29241, ",충청북도 옥천군 옥천읍 성왕로 1230 (공장) 외 1필지,043-733-5632,,4,2025-09-03
426,중앙바이오(주),"10519, ",충청북도 옥천군 군북면 비야대정로 289 (공장),043-733-8662,043-733-8661,4,2025-09-03
427,중앙식품산업사,"10892, 10422, 10893",충청북도 옥천군 동이면 적하1길 13-11 (공장) 외 1필지,043-731-0041,043-731-0045,7,2025-09-03
428,지엘캄퍼니,"27199, 20423","충청북도 옥천군 옥천읍 의료단지길 79, 105호, GMP 106호",043-831-0547,,5,2025-09-03
429,지원이엔지,"28123, ",충청북도 옥천군 청산면 인정1길 69,043-762-7660,043-762-7661,6,2025-09-03
430,진달래흑염소,"10129, ",충청북도 옥천군 옥천읍 옥천동이로 225-7,,,2,2025-09-03
431,진벌꿀푸딩,"10519, 10601",충청북도 옥천군 안남면 지수1길 208,,,2,2025-09-03
432,진성이엔지,"25112, ",충청북도 옥천군 옥천읍 교동3길 6 (창고),043-732-0804,043-732-0806,6,2025-09-03
433,진영산업,"22251, 22259",충청북도 옥천군 동이면 옥천로 2192-9,043-732-4883,043-732-7430,15,2025-09-03
434,진원생명과학(주),"13999, 14419",충청북도 옥천군 이원면 건진2길 13 (공장),02-527-0616,02-557-6784,4,2025-09-03
435,참맛식품,"10820, 10513, 10893",충청북도 옥천군 옥천읍 삼청2길 218,043-733-9116,043-733-9044,12,2025-09-03
436,창대유리산업,"23112, 23119",충청북도 옥천군 동이면 남곡길 36,043-732-5401,043-733-5402,6,2025-09-03
437,채움 유한회사,"29299, ",충청북도 옥천군 옥천읍 마암로3길 20,043-733-1100,043-733-1100,2,2025-09-03
438,채움푸드,"10129, 10122",충청북도 옥천군 옥천읍 양수리 204-1번지,070-8234-4517,,6,2025-09-03
439,청정이에스(주),"29176, 27215, 28123, 29163, 29169, 29175","충청북도 옥천군 동이면 동이농공길 84, 2층",043-733-4801,,6,2025-09-03
440,청정테크주식회사,"29176, 27215, 28123, 29163, 29169, 29175",충청북도 옥천군 동이면 동이농공길 84,041-837-4601,,6,2025-09-03
441,청주금속주물,"24321, 24329",충청북도 옥천군 이원면 미동2길 57 외 1필지,043-218-8961,043-218-8962,8,2025-09-03
442,친환경우리소영농조합법인,"20313, ",충청북도 옥천군 옥천읍 서대구일로 130-70,043-732-8822,043-731-6033,10,2025-09-03
443,칠형제공업,"29210, ",충청북도 옥천군 군북면 증약리 557-2번지 외 1필지,043-733-7469,043-733-7470,4,2025-09-03
444,칼라 조립식 건축자재,"24191, ",충청북도 옥천군 옥천읍 마암로 66 외 1필지,,,3,2025-09-03
445,캠핑나들이(주),"30203, ",충청북도 옥천군 동이면 금강로 46,043-731-4178,050-4492-4179,4,2025-09-03
446,케이비아이코스모링크(주),"28302, 28301",충청북도 옥천군 이원면 이원농공로 50-3 (공장),043-730-5114,043-733-9513,168,2025-09-03
447,코디텍,"25923, ",충청북도 옥천군 동이면 지양리 662번지,043-731-6870,043-731-6871,5,2025-09-03
448,코리아나타올 주식회사,"13219, ","충청북도 옥천군 옥천읍 마암로 63, 외1필지",,042-271-1119,10,2025-09-03
449,코리아나타올제직1부,"13999, ",충청북도 옥천군 옥천읍 마암로 63,,,2,2025-09-03
450,코리아나타올제직2부,"13999, ",충청북도 옥천군 옥천읍 마암로 63,,043-731-1018,3,2025-09-03
451,코리아에이스타올(주),"13219, ",충청북도 옥천군 군북면 증약길 211-35,042-635-3100,,7,2025-09-03
452,코리아에이스타올(주) 지점,"13219, ",충청북도 옥천군 동이면 옥천로 2092 (공장) (총 3 필지),043-731-3004,043-731-3004,10,2025-09-03
453,코리아특장자동차(주),"30201, 30202",충청북도 옥천군 옥천읍 서부로 38-16 (옥천읍) 외 6필지,043-0731-8161,043-731-8164,28,2025-09-03
454,코리아특장자동차(주),"30201, ",충청북도 옥천군 옥천읍 테크노밸리로2길 52,043-731-8161,043-731-8164,31,2025-09-03
455,태경콘크리트(주),"23325, 23326",충청북도 옥천군 군서면 월전1길 7 (창고),043-731-2277,043-731-2278,7,2025-09-03
456,태백가스산업(주),"29299, 24132, 25122, 29175, 29176, 29271",충청북도 옥천군 옥천읍 옥천동이로 280 (공장),042-537-2288,042-537-2285,6,2025-09-03
457,태산기계공업(주),"29210, ",충청북도 옥천군 옥천읍 옥천동이로 387-66 (공장) 외 1필지,043-733-8791,043-733-8794,72,2025-09-03
458,태산스틸,"25112, ",충청북도 옥천군 동이면 세산3길 26-25 (공장),043-732-2902,043-732-9986,5,2025-09-03
459,투윈시스템(주),"33302, 22229, 25119, 25122, 25123, 29261, 29299, 31991, 31999, 33999",충청북도 옥천군 안내면 서대2길 4 (공장) 외 1필지,043-731-1713,043-731-1712,7,2025-09-03
460,페리지에어로스페이스(주),"31311, ",충청북도 옥천군 군서면 성왕로 844,042-710-3513,070-8611-3513,40,2025-09-03
461,폴리맥,"22211, ",충청북도 옥천군 청산면 남부로 1917-7,,,1,2025-09-03
462,푸른농산,"10301, 10302",충청북도 옥천군 옥천읍 매동로 123 (주1동),043-731-1749,043-731-1750,5,2025-09-03
463,풍미명과,"10603, ",충청북도 옥천군 군북면 이백길 79-16 (공장),043-731-9201,043-731-9202,10,2025-09-03
464,플랜씨(주),"29210, ","충청북도 옥천군 옥천읍 대학길 15, 창업보육센터 신관 작업장 4호",,,2,2025-09-03
465,하나섬유,"13104, ",충청북도 옥천군 옥천읍 삼청2길 210 (공장),042-525-4283,,6,2025-09-03
466,한국드라이베아링(주),"30310, 30320, 30391, 30392, 30399, 30400",충청북도 옥천군 옥천읍 옥천농공길 53-21 (옥천읍) 외 2필지,043-733-9361,043-733-9360,45,2025-09-03
467,한국석유공업(주),"22199, 20493",충청북도 옥천군 옥천읍 옥천농공길 100-2 (공장),043-733-9300,043-733-9305,20,2025-09-03
468,한국수출포장,"16231, 16232",충청북도 옥천군 군서면 사정3길 43 (한국수출포장),043-733-5564,043-733-5565,3,2025-09-03
469,한미푸드,"10519, 10832",충청북도 옥천군 옥천읍 옥천동이로 387-73 (공장),043-731-9160,043-731-9168,2,2025-09-03
470,한밭타올,"13211, ",충청북도 옥천군 군서면 사정3길 30,,,7,2025-09-03
471,한비스톤,"23329, ",충청북도 옥천군 동이면 동이농공길 122 (동이면),,,2,2025-09-03
472,한영기계(주),"25941, 25942, 25999",충청북도 옥천군 동이면 동이농공길 95 (공장),043-733-0434,043-733-0436,29,2025-09-03
473,한우영농조합법인맥우,"10111, 10112, 10122, 10129",충청북도 옥천군 군서면 월전리 35번지 외 4필지,043-732-9301,043-732-9303,43,2025-09-03
474,한일피엔티(주),"23311, ",충청북도 옥천군 군북면 비야대정로 293-18 (공장),043-731-2515,043-731-2517,2,2025-09-03
475,한일후드(주),"10701, 10513, 10709, 10820",충청북도 옥천군 청산면 남부로 1917-12 (창고),043-733-2570,043-732-0992,72,2025-09-03
476,한진정공,"30399, 30391, 30392, 30400",충청북도 옥천군 옥천읍 서부로 371-25 (옥천읍) 외 1필지,043-733-5934,043-733-5954,0,2025-09-03
477,한진타올(주),"13219, 13221",충청북도 옥천군 동이면 옥천로 2182,043-269-2858,050-8094-2858,2,2025-09-03
478,합자회사 호성산업,"25112, 22299, 25113, 28422",충청북도 옥천군 군북면 이백4길 7,043-732-5700,042-825-1206,4,2025-09-03
479,행복담기(주),"10899, ",충청북도 옥천군 옥천읍 옥천농공길 61,043-731-1114,,65,2025-09-03
480,향미김치,"10301, ",충청북도 옥천군 동이면 동이농공길 73-10,043-733-9745,,3,2025-09-03
481,향수한우티엠알공장영농조합법인,"10901, 10902, 10903",충청북도 옥천군 옥천읍 삼청3길 12,043-733-7778,043-733-0105,5,2025-09-03
482,현대오피스 유한책임회사,"29180, ","충청북도 옥천군 옥천읍 테크노밸리로3길 6, 현대오피스 옥천공장",1566-3445,042-621-2583,57,2025-09-03
483,현대자동차(주),"52941, ",충청북도 옥천군 옥천읍 옥천동이로 387-32 (공장),043-731-8472,043-731-9122,35,2025-09-03
484,형제콘테이너,"25119, 25112, 25113, 25114",충청북도 옥천군 동이면 옥천로 2355 (창고) (총 4 필지) 외 3필지,043-731-2262,043-731-2263,10,2025-09-03
485,호산비전,"29210, ",충청북도 옥천군 옥천읍 옥천농공길 53-4,043-731-5421,043-731-5425,6,2025-09-03
486,호산테크(주),"29210, ",충청북도 옥천군 옥천읍 옥천농공길 53-4 (옥천읍),043-731-5422,043-731-5425,18,2025-09-03
487,화신금형사,"29293, ",충청북도 옥천군 군북면 비야대정로 148,043-732-5632,043-732-5634,3,2025-09-03
488,화인식품,"10832, ","충청북도 옥천군 동이면 금암6길 27, 화인식품 (동이면)",043-733-6352,043-733-9394,2,2025-09-03
489,화인테크,"29210, ",충청북도 옥천군 옥천읍 마암로 95,043-732-3130,043-732-2120,3,2025-09-03
490,효성정공,"29293, ",충청북도 옥천군 군북면 이백길 49,043-731-9016,043-731-9028,4,2025-09-03
491,효원,"30399, ",충청북도 옥천군 옥천읍 테크노밸리로2길 24,,,26,2025-09-03
