docity,do,city,longitude,latitude,dist_Wolseong_km,dist_Kori_Saeul_km,dist_Hanul_km,dist_Hanbit_km,
부산시기장군,부산시,기장군,129.2222873,35.24477541,55.19938397,6.465426906,194.0000293,254.5568434,6.465426906
경상기장군,경상,기장군,129.224475,35.24135,55.59336117,6.889699812,194.2515563,254.7886786,6.889699812
부산시금정구,부산시,금정구,129.0943194,35.24007778,56.12744525,11.68087681,199.9336188,243.0310436,11.68087681
경상경주시,경상,경주시,129.2270222,35.85316944,13.27927961,61.55816485,136.6801754,257.9626046,13.27927961
경상양산시,경상,양산시,129.0394111,35.33192778,47.12502738,14.99689927,193.7227056,237.3157829,14.99689927
부산시동래구,부산시,동래구,129.0858556,35.20187222,60.4413746,15.04952908,204.0147001,242.700444,15.04952908
부산시해운대구,부산시,해운대구,129.1658083,35.16001944,64.50370589,15.87192045,204.7252979,250.4690245,15.87192045
경상부산시,경상,부산시,129.075,35.1798,63.01313389,17.53603974,206.6392721,242.0057204,17.53603974
전라영광군,전라,영광군,126.5140861,35.27416667,246.7998465,243.7960197,372.2873623,17.66762424,17.66762424
부산시연제구,부산시,연제구,129.082075,35.17318611,63.64783999,17.70724024,206.972764,242.734133,17.70724024
부산시수영구,부산시,수영구,129.115375,35.14246667,66.70009995,19.12943432,208.5550607,246.1807461,19.12943432
부산시부산진구,부산시,부산진구,129.0553194,35.15995278,65.47960634,20.37630907,209.4372765,240.5096137,20.37630907
부산시남구,부산시,남구,129.0865,35.13340833,67.97973164,21.20036749,210.6716882,243.7207619,21.20036749
부산시강서구,부산시,강서구,128.9829083,35.20916389,61.6654547,22.14928421,208.026799,233.3148405,22.14928421
부산시북구,부산시,북구,128.992475,35.19418056,63.02356635,22.21703182,209.0021756,234.3687678,22.21703182
부산시동구,부산시,동구,129.059175,35.13589444,68.05947178,22.28532766,211.6097039,241.2218577,22.28532766
울산시중구,울산시,중구,129.3328162,35.56971228,23.43444695,32.3145586,157.3885973,263.9077634,23.43444695
울산시북구,울산시,북구,129.361245,35.58270783,23.95870502,34.66378138,154.8753643,266.551528,23.95870502
경상울산시,경상,울산시,129.3123,35.546,24.66310785,29.18534205,160.5969676,261.9332319,24.66310785
울산시울주군,울산시,울주군,129.2424748,35.52230648,24.85621274,25.01726358,166.0518811,255.5224504,24.85621274
부산시사상구,부산시,사상구,128.9933333,35.14946667,67.80659029,25.15124327,213.2416617,235.082713,25.15124327
전라고창군,전라,고창군,126.7041083,35.43273889,226.4754872,226.7918263,348.8554596,25.46651641,25.46651641
경상울주군,경상,울주군,129.2971639,35.53073889,25.56462582,27.12582344,162.7485902,260.5003163,25.56462582
울산시남구,울산시,남구,129.3301754,35.54404265,25.66986599,29.58910532,159.997463,263.5404001,25.66986599
부산시영도구,부산시,영도구,129.0701861,35.08811667,73.16603603,26.34837356,215.8163298,243.0207391,26.34837356
부산시중구,부산시,중구,129.0345083,35.10321667,72.02390892,26.54980971,215.8743313,239.5477422,26.54980971
부산시서구,부산시,서구,129.0263778,35.09483611,73.0771275,27.7367982,217.0471419,238.9664798,27.7367982
경상김해시,경상,김해시,128.8916667,35.22550556,62.88449242,29.19402402,210.9428772,224.8779404,29.19402402
부산시사하구,부산시,사하구,128.9770417,35.10142778,73.34897199,29.9655732,218.606895,234.4186167,29.9655732
울산시동구,울산시,동구,129.4166919,35.50516996,33.7569128,30.10310381,160.2353548,271.2335271,30.10310381
경상영천시,경상,영천시,128.940775,35.97005278,33.45440141,78.10262772,145.6787053,235.5163647,33.45440141
경상포항시,경상,포항시,129.3616667,36.00568611,33.77457081,79.81665587,115.8879907,273.2433239,33.77457081
전라장성군,전라,장성군,126.786975,35.29881111,222.057647,218.9791301,349.2707445,35.36998424,35.36998424
전라함평군,전라,함평군,126.5186194,35.06274444,252.6900422,245.1085246,383.5975241,40.10252045,40.10252045
경상경산시,경상,경산시,128.7434639,35.82208889,40.42293679,71.24332975,169.8686615,214.4942262,40.42293679
경상청도군,경상,청도군,128.7362,35.64431111,41.46716675,56.83131221,183.7234254,210.7875911,41.46716675
전라정읍시,전라,정읍시,126.8581111,35.56687222,210.6642931,214.235942,329.7601417,42.7853202,42.7853202
전라부안군,전라,부안군,126.7356778,35.72853333,220.624322,228.0706617,332.6381495,44.83978653,44.83978653
광주시광산구,광주시,광산구,126.793668,35.13995836,226.2398644,219.308916,357.7937763,45.40923088,45.40923088
경상밀양시,경상,밀양시,128.7489444,35.50077778,47.17711057,46.58118985,194.5322617,210.7971175,46.58118985
전라무안군,전라,무안군,126.4837,34.98736944,258.4123813,249.4065827,390.7088611,47.85977532,47.85977532
경상진해시,경상,진해시,128.710081,35.13306,79.79444169,48.22208429,228.7630029,209.8877504,48.22208429
광주시북구,광주시,북구,126.9010806,35.1812138,215.5446266,209.1934229,347.0848081,50.50865811,50.50865811
대구시수성구,대구시,수성구,128.6328667,35.85520833,50.9810414,80.26220474,175.3404757,205.5391487,50.9810414
경상창원시,경상,창원시,128.6401544,35.2540033,72.86120321,51.07727308,221.8673997,201.8312406,51.07727308
대구시수성구,대구시,수성구,128.6307011,35.85835148,51.25777737,80.65557311,175.2845798,205.428853,51.25777737
광주시서구,광주시,서구,126.8895063,35.1525164,217.5207054,210.5039353,349.6820564,51.36119786,51.36119786
대구시동구,대구시,동구,128.6355584,35.88682728,51.73632842,82.840505,173.0386715,206.6015337,51.73632842
전라나주시,전라,나주시,126.7128667,35.01283889,237.8381257,228.3450999,371.6173762,51.85429666,51.85429666
전라담양군,전라,담양군,126.9901639,35.318125,203.6359642,200.5269336,332.2421598,52.46403278,52.46403278
광주시남구,광주시,남구,126.9025572,35.13301749,217.0814031,209.5281322,349.8570362,53.58380029,53.58380029
대구시중구,대구시,중구,128.6061745,35.86952722,53.71487631,83.03059283,176.3111116,203.569488,53.71487631
대구시남구,대구시,남구,128.597702,35.84621351,53.83124937,81.58551642,178.4716125,202.22557,53.83124937
충청갈매로,충청,갈매로,128.6035528,35.86854167,53.91383471,83.10093124,176.5662923,203.3139933,53.91383471
경상대구시,경상,대구시,128.6017,35.8715,54.16190111,83.45931797,176.5059229,203.2301801,54.16190111
광주시동구,광주시,동구,126.9230903,35.14627776,214.8407187,207.5269093,347.4884106,54.27761502,54.27761502
대구시북구,대구시,북구,128.5828924,35.8858646,56.23190215,85.77513759,176.9418162,201.9761707,56.23190215
대구시서구,대구시,서구,128.5591601,35.87194054,57.8771891,86.03899294,179.5816633,199.522457,57.8771891
경상마산시,경상,마산시,128.567863,35.196874,81.97777252,58.53722779,230.9343234,196.0531463,58.53722779
대구시달서구,대구시,달서구,128.5350639,35.82692778,58.97383563,83.96702041,184.2808474,196.241655,58.97383563
대구시달서구,대구시,달서구,128.5325905,35.82997744,59.24915741,84.36312173,184.2592224,196.1002469,59.24915741
전라김제시,전라,김제시,126.8827528,35.800575,207.362071,216.8958229,317.3447386,59.65669427,59.65669427
전라화순군,전라,화순군,126.9885667,35.06148056,212.465749,202.7216397,347.7842596,64.61530822,64.61530822
전라순창군,전라,순창군,127.1396306,35.37138889,189.069485,187.0618606,317.564417,65.05875123,65.05875123
경상창녕군,경상,창녕군,128.4945333,35.54153611,65.75675292,69.3382167,207.4000242,188.0195153,65.75675292
전라군산시,전라,군산시,126.7388444,35.96464167,221.4208227,234.377741,323.4452364,67.41156243,67.41156243
전라목포시,전라,목포시,126.3944194,34.80878889,273.2370646,261.1435003,408.361298,67.46091626,67.46091626
경상달성군,경상,달성군,128.433275,35.77168056,67.47354754,86.97094594,195.315316,185.962758,67.47354754
대구시달성군,대구시,달성군,128.4313995,35.77475029,67.65988794,87.31126431,195.2496158,185.8668406,67.65988794
전라신안군,전라,신안군,126.3817306,34.78981111,275.1339851,262.7494839,410.5020752,69.62359679,69.62359679
경상거제시,경상,거제시,128.6233556,34.87735833,108.4069645,70.43673669,256.7075225,208.7191506,70.43673669
경상함안군,경상,함안군,128.4087083,35.26940556,87.25008439,71.90390504,234.3187901,180.751425,71.90390504
전라영암군,전라,영암군,126.6986194,34.79698889,248.4713136,234.4658328,386.3780629,73.12255222,73.12255222
경상울진군,경상,울진군,129.4027861,36.99018611,140.4381881,188.8199781,73.98023726,319.5357191,73.98023726
경상칠곡군,경상,칠곡군,128.4037972,35.99254722,75.37080884,105.3855399,184.1352186,189.9555764,75.37080884
전라익산시,전라,익산시,126.9598528,35.945275,201.4120755,214.8108291,305.2478851,76.28932383,76.28932383
경상영덕군,경상,영덕군,129.3683556,36.41210278,76.6275191,124.5874461,85.85480828,287.3978791,76.6275191
전라전주시,전라,전주시,127.1219194,35.80918889,185.8256548,196.3277676,296.9965079,76.82977631,76.82977631
충청서천군,충청,서천군,126.6938889,36.07740556,227.0203843,242.2689552,323.7473191,77.58156234,77.58156234
경상군위군,경상,군위군,128.5750778,36.23999722,77.80134713,118.7586759,157.9913802,214.5336527,77.80134713
경상청송군,경상,청송군,129.0594,36.43329167,77.84848155,126.6515192,109.660439,262.9283713,77.84848155
전라곡성군,전라,곡성군,127.2941083,35.27895556,178.2295898,172.9960036,311.2186356,80.36219057,80.36219057
경상의성군,경상,의성군,128.6993639,36.34975833,80.40152926,125.1499737,143.0489048,229.8375266,80.40152926
전라임실군,전라,임실군,127.2847528,35.60806389,171.820434,176.8244122,293.2134159,80.82089696,80.82089696
전라완주군,전라,완주군,127.1495972,35.84296944,183.488138,195.0241624,293.256845,81.03330365,81.03330365
경상고령군,경상,고령군,128.2650222,35.72298611,82.61081795,96.81849726,210.8012383,170.0073788,82.61081795
경상성주군,경상,성주군,128.2851528,35.91621111,83.0192711,107.4006374,197.6296796,177.1348762,83.0192711
경상의령군,경상,의령군,128.2638222,35.31911944,95.2032123,84.97471459,239.5851242,167.1729792,84.97471459
경상통영시,경상,통영시,128.4352778,34.85125833,119.7243117,85.63043424,268.8144435,193.3475849,85.63043424
경상구미시,경상,구미시,128.3467778,36.11655,85.9161788,119.0733036,182.3270996,190.217799,85.9161788
경상고성군,경상,고성군,128.3245417,34.9699,115.5472112,87.6637735,264.4835053,179.6607643,87.6637735
전라남원시,전라,남원시,127.3925,35.41325556,165.6896121,164.3971274,295.5979535,87.77651651,87.77651651
전라강진군,전라,강진군,126.7691972,34.63891111,250.9588118,233.3652663,391.9636759,91.84611999,91.84611999
전라장흥군,전라,장흥군,126.9091083,34.678525,237.6809739,219.8315674,379.254798,93.04451656,93.04451656
경상합천군,경상,합천군,128.1679306,35.56361667,93.52378315,97.99410849,228.3821756,158.7605197,93.52378315
전라보성군,전라,보성군,127.0820889,34.76833333,218.9931908,201.6843225,360.7057579,93.57615918,93.57615918
전라해남군,전라,해남군,126.6012889,34.57043611,268.0778456,250.3877017,408.7250276,95.29123148,95.29123148
전라구례군,전라,구례군,127.4649333,35.19945833,166.5370948,157.949773,303.6401975,97.45812188,97.45812188
경상영양군,경상,영양군,129.1146222,36.664275,102.9419604,151.894826,97.89437554,278.9590016,97.89437554
경상울릉군,경상,울릉군,130.9037889,37.480575,247.2379537,286.429686,98.07416419,461.7817789,98.07416419
전라진안군,전라,진안군,127.4269667,35.78871944,158.2609074,169.3676516,272.7644741,99.75477637,99.75477637
경상진주시,경상,진주시,128.11,35.17703333,115.3704938,99.93229141,260.6141664,155.2905793,99.93229141
경상안동시,경상,안동시,128.7316222,36.56546389,100.2271919,146.8957359,133.5105856,243.8594709,100.2271919
전라장수군,전라,장수군,127.5233,35.64429722,149.9901897,156.5865246,272.3222443,102.701553,102.701553
충청보령시,충청,보령시,126.6148861,36.330575,239.8079852,259.7288957,324.3904882,103.2513532,103.2513532
전라진도군,전라,진도군,126.2655444,34.48375,299.6324854,282.596077,438.9551747,104.5512053,104.5512053
충청부여군,충청,부여군,126.9118639,36.27282222,212.4439532,233.0131298,299.5458526,105.0372327,105.0372327
충청논산시,충청,논산시,127.1009111,36.18420278,193.5263418,213.4325577,285.3612689,105.0879182,105.0879182
경상김천시,경상,김천시,128.1158,36.13689722,105.4837371,135.0552299,200.4212688,172.4491215,105.4837371
경상사천시,경상,사천시,128.0667778,35.00028333,130.2054703,108.2856403,277.4129404,156.2205087,108.2856403
전라순천시,전라,순천시,127.4893306,34.94760556,176.8525568,160.4373231,319.4703594,109.8948256,109.8948256
경상거창군,경상,거창군,127.9116556,35.683625,114.6846255,124.1941414,239.8346764,137.8700637,114.6846255
강원태백시,강원,태백시,128.9879972,37.16122778,158.9635308,207.8306309,114.9061927,300.839942,114.9061927
강원삼척시,강원,삼척시,129.1674889,37.44708611,189.8226005,238.7628201,116.4337981,333.5918584,116.4337981
경상상주시,경상,상주시,128.1612639,36.40796944,117.8952653,154.7305548,187.1307815,191.4953392,117.8952653
경상함양군,경상,함양군,127.7274194,35.51746944,133.5946783,135.6290568,263.8286145,118.5990513,118.5990513
전라고흥군,전라,고흥군,127.2870556,34.60806944,213.1682722,190.5571614,358.5530257,119.2899312,119.2899312
충청청양군,충청,청양군,126.8042556,36.45626944,227.819023,251.2280863,305.4089814,120.7413936,120.7413936
경상산청군,경상,산청군,127.8756194,35.41249167,123.4595362,120.7530806,259.6150935,131.5577327,120.7530806
경상예천군,경상,예천군,128.4550222,36.65495,120.7575435,164.9024288,156.3469437,228.8254678,120.7575435
충청계룡시,충청,계룡시,127.2509306,36.27183611,183.3195218,206.358924,269.9331645,120.9722375,120.9722375
충청금산군,충청,금산군,127.4903083,36.10586944,157.4933027,178.4961918,254.3349455,123.1260087,123.1260087
강원동해시,강원,동해시,129.1166333,37.52193056,198.2222846,247.1799749,125.1411732,335.9236323,125.1411732
전라완도군,전라,완도군,126.7570972,34.30785278,272.079643,248.8261845,416.8353299,126.8069344,126.8069344
경상하동군,경상,하동군,127.7534306,35.06420278,149.5460991,134.0553829,292.8556451,126.8883264,126.8883264
전라광양시,전라,광양시,127.6981778,34.93753611,161.3298978,142.4157151,306.096946,127.4051821,127.4051821
경상영주시,경상,영주시,128.6263444,36.80293611,128.1911,174.8940771,140.1101025,250.9143663,128.1911
경상문경시,경상,문경시,128.1890194,36.58363056,129.2825421,169.2786061,180.9082056,205.1753293,129.2825421
경상남해군,경상,남해군,127.8944667,34.83455833,154.1107106,129.5983304,301.6039257,148.4995718,129.5983304
전라무주군,전라,무주군,127.6628667,36.00382778,139.8112488,159.415499,243.7055463,129.615779,129.615779
충청공주시,충청,공주시,127.1211194,36.44361389,200.856026,226.3932985,277.6017241,130.471016,130.471016
경상봉화군,경상,봉화군,128.734875,36.89026111,133.9763989,181.6995191,130.7582579,264.4864311,130.7582579
충청홍성군,충청,홍성군,126.6629083,36.59836111,245.2685019,270.1700263,316.1248483,133.3283517,133.3283517
충청영동군,충청,영동군,127.7856111,36.17205833,134.3863315,160.3094518,226.8531118,148.8952285,134.3863315
전라여수시,전라,여수시,127.6643861,34.75731111,175.7280539,152.286635,322.3280584,134.4903423,134.4903423
대전시유성구,대전시,유성구,127.3561363,36.36405586,178.0390667,204.0260002,258.5034544,134.865829,134.865829
충청대전시,충청,대전시,127.3848616,36.3506295,175.0923087,201.0623105,256.2930569,135.3458405,135.3458405
대전시중구,대전시,중구,127.421381,36.32582989,171.0245652,196.8014851,253.6933069,135.4080251,135.4080251
대전시서구,대전시,서구,127.3834158,36.35707299,175.4848996,201.5798721,256.2707658,135.8121599,135.8121599
대전시동구,대전시,동구,127.4548596,36.31204028,167.6700295,193.464792,251.1177669,136.3082297,136.3082297
대전시대덕구,대전시,대덕구,127.4170933,36.35218384,172.4917099,198.8049756,253.4345498,137.3518173,137.3518173
충청장군면,충청,장군면,127.2056006,36.4967934,196.2937291,223.5564579,269.2475145,139.3549107,139.3549107
충청누리로,충청,누리로,127.252375,36.475097,191.4861413,218.755551,265.462665,139.4878766,139.4878766
충청금남면,충청,금남면,127.28035,36.463826,188.689794,215.996491,263.1842062,139.8062098,139.8062098
충청새롬남로,충청,새롬남로,127.254403,36.479121,191.5089733,218.8731965,265.216077,139.9626039,139.9626039
충청새롬동,충청,새롬동,127.254403,36.479121,191.5089733,218.8731965,265.216077,139.9626039,139.9626039
충청새롬북로,충청,새롬북로,127.254403,36.479121,191.5089733,218.8731965,265.216077,139.9626039,139.9626039
충청새롬중앙로,충청,새롬중앙로,127.254403,36.479121,191.5089733,218.8731965,265.216077,139.9626039,139.9626039
충청노을3로,충청,노을3로,127.258565,36.47944,191.1862898,218.5941178,264.8428412,140.192932,140.192932
충청대평로,충청,대평로,127.282581,36.469407,188.7688243,216.2033489,262.8903777,140.4332385,140.4332385
충청다정남로,충청,다정남로,127.241922,36.493402,193.1910781,220.7125894,266.0871761,140.712969,140.712969
충청연기군,충청,연기군,127.282781,36.474616,188.9970758,216.5332462,262.7836511,140.9256362,140.9256362
충청다정동,충청,다정동,127.234917,36.500442,194.0908586,221.6811705,266.5960211,141.0516362,141.0516362
충청보람동,충청,보람동,127.28094,36.478112,189.3109815,216.8970215,262.8872903,141.1592255,141.1592255
충청보람동로,충청,보람동로,127.28094,36.478112,189.3109815,216.8970215,262.8872903,141.1592255,141.1592255
충청보람로,충청,보람로,127.28094,36.478112,189.3109815,216.8970215,262.8872903,141.1592255,141.1592255
충청다정중앙로,충청,다정중앙로,127.246898,36.496682,192.9439186,220.5715165,265.5948518,141.2574375,141.2574375
충청다정북로,충청,다정북로,127.255849,36.49573,192.1753909,219.8659172,264.817993,141.5919511,141.5919511
충청남세종로,충청,남세종로,127.289448,36.479522,188.6894655,216.3804786,262.1116425,141.709784,141.709784
충청도움1로,충청,도움1로,127.247611,36.502796,193.1776959,220.9257242,265.4359261,141.8687676,141.8687676
충청도움3로,충청,도움3로,127.249982,36.504689,193.0771088,220.8816992,265.1967366,142.1592913,142.1592913
충청한누리대로,충청,한누리대로,127.289926,36.48545,188.9332725,216.7413011,261.9707082,142.2827905,142.2827905
충청달빛1로,충청,달빛1로,127.2463,36.509374,193.5990071,221.4572084,265.4507834,142.4299341,142.4299341
충청달빛로,충청,달빛로,127.25066,36.508065,193.1847328,221.0580516,265.0847877,142.5104003,142.5104003
충청시청대로,충청,시청대로,127.296956,36.484202,188.3062233,216.1555195,261.3698759,142.5150112,142.5150112
충청마음로,충청,마음로,127.232222,36.518492,195.1723695,223.0719853,266.5606983,142.644685,142.644685
충청마음안1로,충청,마음안1로,127.236121,36.517357,194.8037145,222.7174482,266.2321557,142.715799,142.715799
충청마음안로,충청,마음안로,127.236121,36.517357,194.8037145,222.7174482,266.2321557,142.715799,142.715799
충청종촌동,충청,종촌동,127.247612,36.5119569,193.6178875,221.5356274,265.295431,142.736046,142.736046
충청아름동,충청,아름동,127.2482222,36.51204167,193.5728612,221.4976719,265.2401197,142.7726079,142.7726079
충청국책연구원1로,충청,국책연구원1로,127.29562,36.488994,188.6439912,216.5716681,261.4089936,142.8924363,142.8924363
충청고운동,충청,고운동,127.236112,36.519901,194.9275678,222.8878491,266.1953812,142.9578106,142.9578106
충청소담동,충청,소담동,127.3000509,36.488897,188.282292,216.2491976,261.0187948,143.1028463,143.1028463
충청절재로,충청,절재로,127.262509,36.50843,192.2484548,220.2359563,264.03029,143.1044596,143.1044596
충청옥천군,충청,옥천군,127.5736333,36.30355,157.4688664,184.2910208,240.9984749,143.1669919,143.1669919
충청다솜1로,충청,다솜1로,127.254501,36.516156,193.2673916,221.3247874,264.6222922,143.4562871,143.4562871
충청보듬2로,충청,보듬2로,127.265305,36.51288,192.2398384,220.3351021,263.7149398,143.6564468,143.6564468
충청보듬3로,충청,보듬3로,127.265305,36.51288,192.2398384,220.3351021,263.7149398,143.6564468,143.6564468
충청보듬4로,충청,보듬4로,127.265305,36.51288,192.2398384,220.3351021,263.7149398,143.6564468,143.6564468
충청도담동,충청,도담동,127.2623972,36.51731111,192.6895943,220.8399806,263.9057853,143.9369014,143.9369014
충청예산군,충청,예산군,126.850875,36.67980556,233.6291858,261.1541229,298.7145417,145.7840885,145.7840885
충청연기면,충청,연기면,127.2737741,36.5418737,192.9993848,221.7006679,262.5444778,146.7942677,146.7942677
충청태안군,충청,태안군,126.299975,36.74266667,281.3069229,306.1732062,347.4119138,148.0492306,148.0492306
충청부강면,충청,부강면,127.370376,36.527112,184.5794082,213.9255003,254.1979012,150.1539582,150.1539582
강원정선군,강원,정선군,128.6630861,37.37780833,187.8760838,235.9924134,150.7035703,296.293199,150.7035703
충청연동면,충청,연동면,127.3268658,36.5590889,189.6797606,219.1845454,257.604325,150.9434501,150.9434501
충청연서면,충청,연서면,127.2716217,36.592587,195.7887061,225.3620492,262.0936074,151.5261286,151.5261286
충청서산시,충청,서산시,126.4521639,36.78209722,270.6235072,296.9624948,333.7206654,152.0354816,152.0354816
충청조치원읍,충청,조치원읍,127.298399,36.604528,194.3312463,224.3570357,259.5813073,153.8890175,153.8890175
충청보은군,충청,보은군,127.7316083,36.48653333,154.3304967,186.81928,222.9623657,167.4861214,154.3304967
충청청원군,충청,청원군,127.431119,36.549748,181.0142791,211.3704851,248.4896656,155.3501072,155.3501072
충청단양군,충청,단양군,128.3678417,36.98178056,156.0587317,201.3800274,164.1828852,246.5216647,156.0587317
충청전의면,충청,전의면,127.1955125,36.6812513,206.5206947,236.870101,268.0329292,156.9605563,156.9605563
강원강릉시,강원,강릉시,128.8784972,37.74913611,225.0147185,273.8419906,157.5119896,339.6745464,157.5119896
충청소정면,충청,소정면,127.1582525,36.7223175,211.6871165,242.3494398,271.0923635,159.6482712,159.6482712
강원영월군,강원,영월군,128.4640194,37.18086111,172.5358568,219.3082912,159.8894564,268.2797168,159.8894564
충청아산시,충청,아산시,127.0046417,36.78710556,227.1372083,257.4798755,284.5202993,161.244904,161.244904
충청청주시,충청,청주시,127.5117306,36.58399722,176.7365689,208.5211547,240.8854496,162.7027671,162.7027671
충청나리1로,충청,나리1로,126.613277,36.891878,263.2181278,292.1239634,319.3050013,165.0990762,165.0990762
충청나리로,충청,나리로,126.613277,36.891878,263.2181278,292.1239634,319.3050013,165.0990762,165.0990762
충청당진시,충청,당진시,126.6302528,36.89075,261.8307286,290.8373143,317.7938108,165.1383497,165.1383497
충청천안시,충청,천안시,127.1524667,36.804125,216.8752588,248.6945075,271.3256362,167.756108,167.756108
충청만남로,충청,만남로,127.160304,36.822626,217.4010495,249.5485457,270.6065344,169.9219582,169.9219582
강원평창군,강원,평창군,128.3923528,37.36791667,194.2052501,241.0511525,172.3322197,279.628556,172.3322197
충청괴산군,충청,괴산군,127.7888306,36.81243056,172.5423902,210.6478206,214.6652749,197.9297589,172.5423902
충청제천시,충청,제천시,128.1931528,37.12976944,177.9719728,222.6061895,182.026459,248.0066826,177.9719728
충청충주시,충청,충주시,127.9281444,36.98818056,178.3995159,219.7221805,203.1067592,220.940596,178.3995159
충청진천군,충청,진천군,127.4376444,36.85253889,199.2075589,234.2732751,245.9290203,183.951525,183.951525
충청증평군,충청,증평군,127.5832889,36.78218056,184.1805082,219.747589,233.013062,184.2833138,184.1805082
충청당진군,충청,당진군,127.684597,36.881997,184.5993096,222.4457232,224.023763,198.545853,184.5993096
경기평택시,경기,평택시,127.1146556,36.98943889,231.2942686,265.225925,275.1656919,185.7153818,185.7153818
충청음성군,충청,음성군,127.6926222,36.93740556,188.3471906,226.8891892,223.5657859,204.0166024,188.3471906
경기안성시,경기,안성시,127.2818444,37.005175,220.6092838,256.1324587,260.4667532,192.8443992,192.8443992
강원양양군,강원,양양군,128.6213556,38.07283333,264.1102847,312.6102775,198.635452,354.484845,198.635452
경기오산시,경기,오산시,127.0796417,37.14691389,244.4703349,279.8984907,279.8554737,201.3487215,201.3487215
경기화성시,경기,화성시,126.8335306,37.19681667,265.0636639,299.1764204,302.1845261,201.4997702,201.4997702
강원원주시,강원,원주시,127.9220556,37.33908333,210.3428605,253.9965606,210.8013942,252.5044637,210.3428605
강원횡성군,강원,횡성군,127.9872222,37.48895833,221.7014666,266.5024756,210.5536801,269.6800114,210.5536801
강원속초시,강원,속초시,128.5941667,38.204275,278.9113589,327.4176701,210.8218851,365.3818248,210.8218851
경기안산시,경기,안산시,126.8468194,37.29851944,271.1001986,306.3356331,302.6847772,212.8336695,212.8336695
제주제주시,제주,제주시,126.5332083,33.49631111,347.6851077,316.3500828,495.9894447,213.5836873,213.5836873
경기용인시,경기,용인시,127.2038444,37.23147778,242.3041678,279.5452284,270.2956713,213.7251856,213.7251856
경기수원시,경기,수원시,127.0122222,37.30101111,260.0896161,296.5360673,288.3177082,216.2294921,216.2294921
경기의왕시,경기,의왕시,126.9703889,37.34195,265.8732698,302.3941528,292.7872068,219.7802723,219.7802723
경기시흥시,경기,시흥시,126.8050778,37.37731944,279.5198787,315.2082123,307.878948,220.8504103,220.8504103
경기군포시,경기,군포시,126.9375,37.35865833,269.2832153,305.7217194,295.9957652,220.9596319,220.9596319
경기여주시,경기,여주시,127.6396222,37.29535833,221.0348196,262.2535267,233.8018231,235.7261311,221.0348196
경기여주군,경기,여주군,127.652958,37.324606,222.841023,264.368239,233.4008368,239.1529064,222.841023
인천시연수구,인천시,연수구,126.6782658,37.41038125,290.5061181,325.6473449,319.58003,223.0404731,223.0404731
경기안양시,경기,안양시,126.9533556,37.3897,270.5299095,307.3563646,295.3100784,224.6299862,224.6299862
경기이천시,경기,이천시,127.4432194,37.27543611,230.7388145,270.2518192,250.327773,226.1153073,226.1153073
경기옹진군,경기,옹진군,126.6388889,37.443725,295.54218,330.7286223,323.7237056,226.4022151,226.4022151
강원홍천군,강원,홍천군,127.8908417,37.69442222,245.8227066,290.8207509,227.2971722,285.3147148,227.2971722
강원인제군,강원,인제군,128.1726972,38.06697222,273.8052682,321.0144758,227.7808585,333.5082927,227.7808585
인천시남동구,인천시,남동구,126.7309669,37.44971062,289.7115265,325.5520169,315.9082338,227.9106963,227.9106963
경기인천시청,경기,인천시청,126.7059186,37.45617301,291.8644893,327.5972804,318.2211537,228.365588,228.365588
인천시남구,인천시,남구,126.6502972,37.46369169,296.17044,331.6081236,323.1964851,228.7023372,228.7023372
인천시미추홀구,인천시,미추홀구,126.6502972,37.46369169,296.17044,331.6081236,323.1964851,228.7023372,228.7023372
경기과천시,경기,과천시,126.9898,37.42637222,270.9188563,308.3152823,293.0345317,229.3129941,229.3129941
인천시중구,인천시,중구,126.6217617,37.47384843,298.8322486,334.1761784,325.8962903,229.6164105,229.6164105
인천시동구,인천시,동구,126.6432441,37.47401607,297.3819029,332.8649471,324.0476416,229.7910371,229.7910371
서울금천구,서울,금천구,126.9041972,37.44910833,278.1837659,315.1810302,300.9650937,230.2267327,230.2267327
강원고성군,강원,고성군,128.4701639,38.37796111,300.0112665,348.3579549,232.4077845,376.3479311,232.4077845
경기광명시,경기,광명시,126.8667083,37.47575,282.6247526,319.5917336,304.858036,232.5419747,232.5419747
서울관악구,서울,관악구,126.9538444,37.47538611,276.9670839,314.520947,297.3701164,233.9555849,233.9555849
인천시부평구,인천시,부평구,126.7219068,37.50784204,294.5327817,330.8135525,318.1113106,234.2340224,234.2340224
경기부천시,경기,부천시,126.766,37.5035917,291.300943,327.8329087,314.2176114,234.2467615,234.2467615
경기광주시,경기,광주시,127.2577861,37.41450556,253.2284631,292.4414253,269.6976447,234.5191419,234.5191419
서울구로구,서울,구로구,126.8895972,37.49265,282.4129086,319.6730428,303.332144,234.7476506,234.7476506
경기성남시,경기,성남시,127.1477194,37.44749167,262.6012149,301.2805701,280.0124608,235.0944316,235.0944316
전라광주시,전라,광주시,127.2551569,37.42949814,254.6036981,293.9126779,270.3248654,236.0236842,236.0236842
서울서초구,서울,서초구,127.0348111,37.48078611,272.2519652,310.4042707,290.5784833,236.1129822,236.1129822
서울양천구,서울,양천구,126.8687083,37.51423056,285.3970044,322.6930285,305.6965183,236.7877231,236.7877231
서울동작구,서울,동작구,126.941575,37.50965556,280.382166,318.1284241,299.3405038,237.4700025,237.4700025
인천시계양구,인천시,계양구,126.737744,37.53770728,295.6849011,332.3156428,317.5343124,237.6959988,237.6959988
인천시서구,인천시,서구,126.6759616,37.54546372,300.3365072,336.6360186,323.0295397,237.9659644,237.9659644
서울영등포구,서울,영등포구,126.8983417,37.52361111,284.2102101,321.778195,303.4190559,238.2729972,238.2729972
서울강남구,서울,강남구,127.0495556,37.514575,273.9918422,312.5075739,290.262326,240.0707401,240.0707401
서울강서구,서울,강서구,126.851675,37.54815556,289.0741956,326.5286305,308.086491,240.2587391,240.2587391
제주서귀포시,제주,서귀포시,126.5125556,33.25235,369.1152628,335.8553827,517.9300055,240.6134124,240.6134124
서울용산구,서울,용산구,126.9675222,37.53609444,280.7965737,318.9235004,297.8690161,240.8100207,240.8100207
서울송파구,서울,송파구,127.1079306,37.51175556,270.1780212,309.0717808,285.208788,241.0373726,241.0373726
서울마포구,서울,마포구,126.9105306,37.56070556,286.2985701,324.2367558,303.4322914,242.524154,242.524154
서울광진구,서울,광진구,127.0845333,37.53573889,273.5311194,312.4436271,287.9051238,243.0988057,243.0988057
강원양구군,강원,양구군,127.9922444,38.10729167,283.6087641,330.1943512,243.1121246,330.3502355,243.1121246
서울강동구,서울,강동구,127.1258639,37.52736667,270.3462609,309.4785566,284.1444924,243.1241774,243.1241774
서울중구,서울,중구,126.9996417,37.56100278,280.7584054,319.2882233,295.8689661,244.1108344,244.1108344
서울서대문구,서울,서대문구,126.9388972,37.57636667,285.7424671,323.9858469,301.4850857,244.7009443,244.7009443
서울종로구,서울,종로구,126.9816417,37.57037778,282.6142869,321.0945259,297.6783338,244.7966066,244.7966066
서울성동구,서울,성동구,127.039,37.56061111,278.3067556,317.0960784,292.5180888,244.8342318,244.8342318
경기김포시,경기,김포시,126.7177778,37.61245833,302.5777003,339.6771796,321.3317998,245.7531775,245.7531775
서울동대문구,서울,동대문구,127.0421417,37.571625,278.9977662,317.8885802,292.5888066,246.0898,246.0898
경기양평군,경기,양평군,127.4898861,37.48893611,246.1080561,287.5135631,252.1195293,249.5373856,246.1080561
경기하남시,경기,하남시,127.217,37.53649722,265.6574503,305.4792314,276.6968318,246.3246447,246.3246447
서울은평구,서울,은평구,126.9312417,37.59996944,288.0769044,326.4458777,302.8515108,247.151356,247.151356
서울성북구,서울,성북구,127.0203333,37.58638333,281.5123596,320.3656931,294.8919379,247.2605527,247.2605527
강원춘천시,강원,춘천시,127.7323111,37.87854167,270.4657232,315.2326722,248.937382,297.7575687,248.937382
경기구리시,경기,구리시,127.1318639,37.591625,275.2344601,314.8641246,285.6436066,250.1624141,250.1624141
서울중랑구,서울,중랑구,127.0947778,37.60380556,278.436874,317.9050028,289.1643924,250.6585682,250.6585682
경기고양시,경기,고양시,126.7770556,37.65590833,302.1078207,339.9072558,317.6278114,251.1666867,251.1666867
서울강북구,서울,강북구,127.0277194,37.63695556,285.1523877,324.4114882,295.8968457,252.8907944,252.8907944
서울노원구,서울,노원구,127.0583889,37.65146111,284.5104923,324.0666638,293.810788,255.060553,255.060553
서울도봉구,서울,도봉구,127.0495222,37.66583333,286.2181637,325.8136924,295.0461567,256.4440182,256.4440182
경기남양주시,경기,남양주시,127.2186333,37.63317778,273.6681809,314.1467746,279.7695419,256.6665371,256.6665371
경기강화군,경기,강화군,126.49,37.74385833,327.2322574,363.9522762,344.6205562,259.0244618,259.0244618
인천시강화군,인천시,강화군,126.4878417,37.74692907,327.6020006,364.3322053,344.9000679,259.3615086,259.3615086
경기파주시,경기,파주시,126.7819528,37.75708333,309.7432875,348.2897908,320.5756913,262.3818997,262.3818997
강원화천군,강원,화천군,127.7103556,38.10340833,293.4698514,338.8207141,263.2412567,320.1419417,263.2412567
경기의정부시,경기,의정부시,127.0358417,37.73528889,292.7782373,332.7383379,298.668585,263.7257038,263.7257038
경기가평군,경기,가평군,127.5117778,37.82883056,275.7033439,319.0494412,263.8130837,285.4182769,263.8130837
경기양주시,경기,양주시,127.0478194,37.78245,296.0478495,336.3727066,299.465642,269.0739485,269.0739485
경기동두천시,경기,동두천시,127.0626528,37.90091667,305.3604788,346.4499266,303.1150398,282.2301957,282.2301957
경기포천시,경기,포천시,127.2024194,37.89215556,297.0663067,338.9184996,291.4645098,284.0639607,284.0639607
강원철원군,강원,철원군,127.3157333,38.14405556,314.4801284,358.0478861,295.1463693,313.6745765,295.1463693
경기연천군,경기,연천군,127.0770667,38.09336389,321.5814094,363.7057171,310.9229957,303.4494365,303.4494365
